race_id,EX_payout,runner_program_number_pp,x8is_exacta,official_finish_position,prob_x8runner_HDWPSRRating_norm_par
ALB_20160703_10,13.3,2,1.0,1.0,0.1372614802168994
ALB_20160703_10,13.3,1,1.0,2.0,0.0837527177073634
ALB_20160703_10,13.3,8,0.0,3.0,0.471878238074615
ALB_20160703_10,13.3,7,0.0,4.0,0.1372614802168994
ALB_20160703_10,13.3,3,0.0,5.0,0.0002228227055923603
ALB_20160703_10,13.3,6,0.0,6.0,0.06428318135733163
ALB_20160703_10,13.3,5,0.0,7.0,0.014109800375283709
ALB_20160703_10,13.3,4,0.0,8.0,0.02694709798868362
ALB_20160703_10,13.3,9,0.0,9.0,0.06428318135733163
ALB_20160703_4,11.1,7,1.0,1.0,0.32379316936518204
ALB_20160703_4,11.1,3,1.0,2.0,0.03375895722609566
ALB_20160703_4,11.1,4,0.0,3.0,0.3757764374541477
ALB_20160703_4,11.1,5,0.0,4.0,0.00733500662879194
ALB_20160703_4,11.1,1,0.0,5.0,0.014368497857076942
ALB_20160703_4,11.1,6,0.0,6.0,0.008426929782110114
ALB_20160703_4,11.1,2,0.0,7.0,0.2365410016865955
ALB_20160703_5,4.9,2,1.0,1.0,0.08252288753432671
ALB_20160703_5,4.9,5,1.0,2.0,0.6833088292982756
ALB_20160703_5,4.9,1,0.0,3.0,0.12217916170911197
ALB_20160703_5,4.9,4,0.0,4.0,0.034460914785157185
ALB_20160703_5,4.9,6,0.0,5.0,0.002145315388826335
ALB_20160703_5,4.9,3,,,0.02123177942059006
ALB_20160703_5,4.9,7,,,0.05415111186371218
ALB_20160703_7,11.4,3,1.0,1.0,0.07169526246298567
ALB_20160703_7,11.4,6,1.0,2.0,0.21819994252597416
ALB_20160703_7,11.4,4,0.0,3.0,0.024472514558970825
ALB_20160703_7,11.4,5,0.0,4.0,0.03255937340436643
ALB_20160703_7,11.4,1,0.0,5.0,0.11514460522648028
ALB_20160703_7,11.4,2,0.0,6.0,0.0015930645855096496
ALB_20160703_7,11.4,7,,,0.536335237235713
ALB_20160703_8,79.0,1,1.0,1.0,0.003949964617818789
ALB_20160703_8,79.0,8,1.0,2.0,0.2518236884760658
ALB_20160703_8,79.0,7,0.0,3.0,0.17115111772987288
ALB_20160703_8,79.0,4,0.0,4.0,0.2518236884760658
ALB_20160703_8,79.0,3,0.0,5.0,0.0027764817795891965
ALB_20160703_8,79.0,2,0.0,6.0,0.05606910520330315
ALB_20160703_8,79.0,5,0.0,7.0,0.010582265241218471
ALB_20160703_8,79.0,6,0.0,8.0,0.2518236884760659
ALB_20160703_9,23.2,4,1.0,1.0,0.19679440042143323
ALB_20160703_9,23.2,6,1.0,2.0,0.15797090209806935
ALB_20160703_9,23.2,2,0.0,3.0,0.05902816028549175
ALB_20160703_9,23.2,5,0.0,4.0,0.024958435455208847
ALB_20160703_9,23.2,3,0.0,5.0,0.044854977514442056
ALB_20160703_9,23.2,7,0.0,6.0,0.5150085148566613
ALB_20160703_9,23.2,1,0.0,7.0,0.001384609368693434
APX_20160703_1,28.7,2,1.0,1.0,0.5871129897059517
APX_20160703_1,28.7,5,0.0,5.0,0.04370397999470287
APX_20160703_1,28.7,3,0.0,6.0,0.31915367687810436
APX_20160703_1,28.7,7,0.0,7.0,0.034306660283101496
APX_20160703_1,28.7,4,0.0,8.0,0.01572269313813959
APX_20160703_2,36.5,3,1.0,1.0,0.03532305163195888
APX_20160703_2,36.5,2,1.0,2.0,0.3983309379210286
APX_20160703_2,36.5,1,0.0,3.0,0.3983309379210286
APX_20160703_2,36.5,5,0.0,4.0,0.009952660710402218
APX_20160703_2,36.5,6,0.0,5.0,0.08414355983973612
APX_20160703_2,36.5,8,0.0,6.0,0.016947455648373865
APX_20160703_2,36.5,7,0.0,7.0,0.055353251294822284
APX_20160703_2,36.5,4,,,0.001618145032649507
APX_20160703_3,6.4,2,1.0,1.0,0.4502581658062214
APX_20160703_3,6.4,1,1.0,2.0,0.15964519955331152
APX_20160703_3,6.4,3,0.0,3.0,0.05305553903163022
APX_20160703_3,6.4,4,0.0,4.0,0.07848262928461973
APX_20160703_3,6.4,5,0.0,5.0,0.2564677109342133
APX_20160703_3,6.4,6,0.0,6.0,0.002090755390003862
APX_20160703_4,28.5,2,1.0,1.0,0.10484985542234312
APX_20160703_4,28.5,7,1.0,2.0,0.01844342362147691
APX_20160703_4,28.5,3,0.0,3.0,0.009257960230310395
APX_20160703_4,28.5,1,0.0,4.0,0.16971070242907754
APX_20160703_4,28.5,5,0.0,5.0,0.6714104236241615
APX_20160703_4,28.5,6,0.0,6.0,0.013163817336315282
APX_20160703_4,28.5,4,0.0,7.0,0.013163817336315282
APX_20160703_5,76.7,2,1.0,1.0,0.15609640543286382
APX_20160703_5,76.7,4,0.0,3.0,0.2966752199101925
APX_20160703_5,76.7,7,0.0,4.0,0.24186192989658345
APX_20160703_5,76.7,10,0.0,6.0,0.012281128025679093
APX_20160703_5,76.7,8,0.0,7.0,0.09658674909329798
APX_20160703_5,76.7,9,0.0,8.0,0.0012131277051582727
APX_20160703_5,76.7,3,0.0,10.0,0.19528543993622488
APX_20160703_6,27.0,6,1.0,1.0,0.08771575246228393
APX_20160703_6,27.0,3,1.0,2.0,0.002626332373053739
APX_20160703_6,27.0,7,0.0,3.0,0.41920063255263407
APX_20160703_6,27.0,1,0.0,4.0,0.06406429966858286
APX_20160703_6,27.0,4,0.0,5.0,0.006596245024766602
APX_20160703_6,27.0,2,0.0,6.0,0.1565841952611634
APX_20160703_6,27.0,5,0.0,7.0,0.26321254265751537
APX_20160703_7,11.2,1,1.0,1.0,0.19146792197790297
APX_20160703_7,11.2,8,1.0,2.0,0.17229944628913746
APX_20160703_7,11.2,4,0.0,3.0,0.12375841514625115
APX_20160703_7,11.2,5,0.0,4.0,0.09802156911207256
APX_20160703_7,11.2,10,0.0,5.0,3.0274449186053884e-05
APX_20160703_7,11.2,2,,,0.08689515707110983
APX_20160703_7,11.2,3,,,0.12375841514625116
APX_20160703_7,11.2,6,,,0.029978486665869254
APX_20160703_7,11.2,7,,,0.08689515707110983
APX_20160703_7,11.2,9,,,0.08689515707110983
APX_20160703_8,15.6,7,1.0,1.0,0.46164671456935075
APX_20160703_8,15.6,8,1.0,2.0,0.09081926026796053
APX_20160703_8,15.6,3,0.0,3.0,0.09081926026796053
APX_20160703_8,15.6,5,0.0,4.0,0.11203855651830381
APX_20160703_8,15.6,4,0.0,5.0,0.01633729800728062
APX_20160703_8,15.6,1,0.0,6.0,0.00040144255805821136
APX_20160703_8,15.6,2,0.0,7.0,0.09081926026796053
APX_20160703_8,15.6,6,,,0.13711820754312487
ARP_20160703_3,28.5,5,1.0,1.0,0.023771137140150625
ARP_20160703_3,28.5,6,1.0,2.0,0.09455555139523868
ARP_20160703_3,28.5,11,0.0,3.0,0.02377113714015063
ARP_20160703_3,28.5,2,0.0,4.0,0.6909467604400207
ARP_20160703_3,28.5,4,0.0,6.0,0.0013705724196597842
ARP_20160703_3,28.5,9,0.0,7.0,0.06571178020177096
ARP_20160703_3,28.5,1,0.0,8.0,0.009343830577734562
ARP_20160703_3,28.5,7,0.0,9.0,0.054297049863050485
ARP_20160703_3,28.5,8,0.0,10.0,0.023771137140150625
ARP_20160703_3,28.5,10,0.0,11.0,0.000534497959176846
ARP_20160703_3,28.5,3,0.0,12.0,0.011926545722896085
ARP_20160703_5,13.1,4,1.0,1.0,0.05389158204962906
ARP_20160703_5,13.1,9,1.0,2.0,0.37822016422177446
ARP_20160703_5,13.1,1,0.0,3.0,0.11242607356205087
ARP_20160703_5,13.1,5,0.0,4.0,0.03596947622202719
ARP_20160703_5,13.1,10,0.0,5.0,0.1839463076068506
ARP_20160703_5,13.1,2,0.0,6.0,0.2145098024472272
ARP_20160703_5,13.1,3,0.0,7.0,0.0007044532665606391
ARP_20160703_5,13.1,6,0.0,8.0,0.004159320861144887
ARP_20160703_5,13.1,8,0.0,9.0,0.009107009673517701
ARP_20160703_5,13.1,7,0.0,10.0,0.007065810089217321
ARP_20160703_6,27.9,3,1.0,1.0,0.2553215549034286
ARP_20160703_6,27.9,2,1.0,2.0,0.12352073809525194
ARP_20160703_6,27.9,4,0.0,3.0,0.2028781878330586
ARP_20160703_6,27.9,11,0.0,4.0,0.12352073809525194
ARP_20160703_6,27.9,1,0.0,5.0,0.20287818783305864
ARP_20160703_6,27.9,5,0.0,6.0,0.002803297366602699
ARP_20160703_6,27.9,10,0.0,7.0,0.00041919194451580977
ARP_20160703_6,27.9,6,0.0,8.0,0.03893705105735808
ARP_20160703_6,27.9,7,0.0,9.0,0.006482357003017715
ARP_20160703_6,27.9,9,0.0,10.0,0.004301644811097908
ARP_20160703_6,27.9,8,0.0,11.0,0.03893705105735808
ARP_20160703_7,4.4,4,1.0,1.0,0.293532531317608
ARP_20160703_7,4.4,1,1.0,2.0,0.47579625740871534
ARP_20160703_7,4.4,2,0.0,3.0,0.036467224050122524
ARP_20160703_7,4.4,3,0.0,4.0,0.01643115690121277
ARP_20160703_7,4.4,5,0.0,5.0,0.028231775132251065
ARP_20160703_7,4.4,8,0.0,6.0,0.07434634910673066
ARP_20160703_7,4.4,7,0.0,7.0,0.0008483569766290333
ARP_20160703_7,4.4,6,0.0,8.0,0.07434634910673066
ARP_20160703_8,369.4,3,1.0,1.0,0.13082841037933
ARP_20160703_8,369.4,2,1.0,2.0,0.00027135462466201994
ARP_20160703_8,369.4,5,0.0,3.0,0.4183906346885056
ARP_20160703_8,369.4,1,0.0,4.0,0.013578648379913561
ARP_20160703_8,369.4,4,0.0,5.0,0.03702732210920016
ARP_20160703_8,369.4,7,0.0,6.0,0.05814937799336335
ARP_20160703_8,369.4,6,0.0,7.0,0.13082841037933
ARP_20160703_8,369.4,8,0.0,8.0,0.18811221070259038
ARP_20160703_8,369.4,9,,,0.022813630743104923
ARP_20160703_9,36.3,5,1.0,1.0,0.20545803414373498
ARP_20160703_9,36.3,8,1.0,2.0,0.013638223568662185
ARP_20160703_9,36.3,3,0.0,3.0,0.0060600367486928295
ARP_20160703_9,36.3,4,0.0,4.0,0.380422988253253
ARP_20160703_9,36.3,7,0.0,5.0,0.241646093981616
ARP_20160703_9,36.3,6,0.0,6.0,0.002488353961240634
ARP_20160703_9,36.3,11,0.0,7.0,0.008009959086755758
ARP_20160703_9,36.3,1,0.0,8.0,0.08331963471088807
ARP_20160703_9,36.3,10,0.0,9.0,0.03582800656643666
ARP_20160703_9,36.3,9,0.0,10.0,0.0006677857063019355
ARP_20160703_9,36.3,2,,,0.022460883272418047
BEL_20160703_1,23.2,4,1.0,1.0,0.6738200274891055
BEL_20160703_1,23.2,1A,0.0,3.0,0.04220685377041223
BEL_20160703_1,23.2,1,0.0,6.0,0.2839731187404823
BEL_20160703_10,91.0,10,1.0,1.0,0.10788944140705664
BEL_20160703_10,91.0,3,1.0,2.0,0.10788944140705664
BEL_20160703_10,91.0,5,0.0,3.0,0.20712996453762295
BEL_20160703_10,91.0,8,0.0,4.0,0.09369410103877103
BEL_20160703_10,91.0,2,0.0,5.0,0.012585536807116802
BEL_20160703_10,91.0,1,0.0,6.0,0.0022966248057106836
BEL_20160703_10,91.0,9,0.0,7.0,0.04368184893570424
BEL_20160703_10,91.0,4,0.0,8.0,0.14151006319726464
BEL_20160703_10,91.0,6,0.0,9.0,5.3205363871559683e-05
BEL_20160703_10,91.0,7,0.0,10.0,0.012585536807116804
BEL_20160703_10,91.0,11,,,0.23363696709219603
BEL_20160703_10,91.0,12,,,0.03704726860051209
BEL_20160703_2,25.75,2,1.0,1.0,0.1586552539315099
BEL_20160703_2,25.75,5,1.0,2.0,0.8413447460684901
BEL_20160703_3,31.25,2,1.0,1.0,0.20225764746433722
BEL_20160703_3,31.25,3,1.0,2.0,0.039473789495727295
BEL_20160703_3,31.25,1,0.0,3.0,0.5986534200652908
BEL_20160703_3,31.25,4,0.0,4.0,0.1158107714845048
BEL_20160703_3,31.25,6,0.0,5.0,0.031068921657431373
BEL_20160703_3,31.25,1A,0.0,6.0,0.008216278586636466
BEL_20160703_3,31.25,5,0.0,7.0,0.004519171246072092
BEL_20160703_4,10.8,6,1.0,1.0,0.26365033730078585
BEL_20160703_4,10.8,5,1.0,2.0,0.26365033730078585
BEL_20160703_4,10.8,4,0.0,3.0,0.38890315314438617
BEL_20160703_4,10.8,1,0.0,4.0,0.03057889300569484
BEL_20160703_4,10.8,3,0.0,5.0,0.020282948091029363
BEL_20160703_4,10.8,7,0.0,6.0,0.0023554381516232305
BEL_20160703_4,10.8,2,0.0,7.0,0.03057889300569484
BEL_20160703_5,9.9,5,1.0,1.0,0.2708395279909788
BEL_20160703_5,9.9,4,1.0,2.0,0.06352921874088042
BEL_20160703_5,9.9,2,0.0,3.0,0.09491417675300116
BEL_20160703_5,9.9,3,0.0,4.0,0.3666930425697902
BEL_20160703_5,9.9,6,0.0,5.0,0.1956553938344948
BEL_20160703_5,9.9,7,0.0,6.0,0.0029759290898121486
BEL_20160703_5,9.9,1,0.0,7.0,0.005392711021042389
BEL_20160703_6,38.75,5,1.0,1.0,0.005205793941947006
BEL_20160703_6,38.75,6,1.0,2.0,0.6156913041683145
BEL_20160703_6,38.75,2,0.0,3.0,0.017495014264179154
BEL_20160703_6,38.75,4,0.0,4.0,0.12207347906884945
BEL_20160703_6,38.75,1,0.0,5.0,0.15976109718335518
BEL_20160703_6,38.75,8,0.0,6.0,0.03575173008047409
BEL_20160703_6,38.75,9,0.0,7.0,0.0012924386733292148
BEL_20160703_6,38.75,3,,,0.025234128355372466
BEL_20160703_6,38.75,7,,,0.017495014264179154
BEL_20160703_7,5.4,3,1.0,1.0,0.25203213288911697
BEL_20160703_7,5.4,2,1.0,2.0,0.4371675173874456
BEL_20160703_7,5.4,5,0.0,3.0,0.0031395437599566946
BEL_20160703_7,5.4,10,0.0,4.0,0.009109033636466179
BEL_20160703_7,5.4,4,0.0,5.0,0.18606268185817418
BEL_20160703_7,5.4,6,0.0,6.0,0.03617988509721949
BEL_20160703_7,5.4,8,0.0,7.0,0.0444600147173966
BEL_20160703_7,5.4,7,0.0,8.0,0.007059169363977621
BEL_20160703_7,5.4,9,0.0,9.0,0.023488571022861938
BEL_20160703_7,5.4,1,,,0.0013014502673848152
BEL_20160703_8,14.3,3,1.0,1.0,0.0425363625625972
BEL_20160703_8,14.3,8,1.0,2.0,0.2582237053894921
BEL_20160703_8,14.3,10,0.0,3.0,0.011691650908737139
BEL_20160703_8,14.3,12,0.0,4.0,0.026080676489386834
BEL_20160703_8,14.3,2,0.0,5.0,0.0065262588219227625
BEL_20160703_8,14.3,5,0.0,6.0,0.41629938482734463
BEL_20160703_8,14.3,9,0.0,7.0,0.002522671673360487
BEL_20160703_8,14.3,6,0.0,8.0,0.10223716219664924
BEL_20160703_8,14.3,11,0.0,9.0,0.0012701599666690591
BEL_20160703_8,14.3,4,0.0,10.0,0.0012701599666690591
BEL_20160703_8,14.3,1,,,0.12481554837524886
BEL_20160703_8,14.3,7,,,0.0065262588219227625
BEL_20160703_9,12.5,6,1.0,1.0,0.2802837271065254
BEL_20160703_9,12.5,2,1.0,2.0,0.15355397725639452
BEL_20160703_9,12.5,5,0.0,3.0,0.15355397725639452
BEL_20160703_9,12.5,3,0.0,4.0,0.0013744971951488358
BEL_20160703_9,12.5,7,0.0,5.0,0.07749627738827869
BEL_20160703_9,12.5,1,0.0,6.0,0.011735271734797397
BEL_20160703_9,12.5,4,0.0,7.0,0.3220022720624607
BTP_20160703_1,12.3,1,1.0,1.0,0.1256644170848263
BTP_20160703_1,12.3,2,1.0,2.0,0.1256644170848263
BTP_20160703_1,12.3,7,0.0,3.0,0.27921246381719705
BTP_20160703_1,12.3,5,0.0,4.0,0.3541864253180722
BTP_20160703_1,12.3,4,0.0,5.0,0.03452192208877342
BTP_20160703_1,12.3,3,0.0,6.0,0.07998152806777432
BTP_20160703_1,12.3,6,0.0,7.0,0.0007688265385304075
BTP_20160703_2,29.0,4,1.0,1.0,0.0081875809914759
BTP_20160703_2,29.0,1,1.0,2.0,0.09499967320602451
BTP_20160703_2,29.0,3,0.0,3.0,0.0081875809914759
BTP_20160703_2,29.0,5,0.0,4.0,0.09499967320602451
BTP_20160703_2,29.0,2,0.0,5.0,0.09499967320602451
BTP_20160703_2,29.0,6,0.0,6.0,0.010890190065332532
BTP_20160703_2,29.0,1A,,,0.6877356283336421
BTP_20160703_3,8.6,6,1.0,1.0,0.7757579116926716
BTP_20160703_3,8.6,3,1.0,2.0,0.03328814460215956
BTP_20160703_3,8.6,9,0.0,3.0,0.06322971644380034
BTP_20160703_3,8.6,4,0.0,4.0,0.0012421285599832131
BTP_20160703_3,8.6,2,0.0,5.0,0.026486621397206624
BTP_20160703_3,8.6,10,0.0,6.0,0.041524303039032213
BTP_20160703_3,8.6,7,0.0,8.0,0.03328814460215956
BTP_20160703_3,8.6,1,,,0.0042694170892848375
BTP_20160703_3,8.6,11,,,0.020913612573702133
BTP_20160703_4,13.0,5,1.0,1.0,0.004973486265198701
BTP_20160703_4,13.0,3,1.0,2.0,0.2079937228895513
BTP_20160703_4,13.0,7,0.0,3.0,0.010770433205879835
BTP_20160703_4,13.0,1,0.0,4.0,0.3229344433347985
BTP_20160703_4,13.0,6,0.0,5.0,0.01546363093623502
BTP_20160703_4,13.0,2,0.0,6.0,0.3961797487496173
BTP_20160703_4,13.0,4,,,0.041684534618719335
BTP_20160703_5,180.5,1,1.0,1.0,0.0007918280636228539
BTP_20160703_5,180.5,5,1.0,2.0,0.03420080408742472
BTP_20160703_5,180.5,3,0.0,3.0,0.18141221800269464
BTP_20160703_5,180.5,4,0.0,4.0,0.04476766036175734
BTP_20160703_5,180.5,6,0.0,5.0,0.0192943378634392
BTP_20160703_5,180.5,7,0.0,6.0,0.014238883203122972
BTP_20160703_5,180.5,2,0.0,7.0,0.3853514651673823
BTP_20160703_5,180.5,8,,,0.04476766036175734
BTP_20160703_5,180.5,9,,,0.26866966685218935
BTP_20160703_5,180.5,10,,,0.0011906672846857397
BTP_20160703_5,180.5,11,,,0.005314808751923546
BTP_20160703_6,28.1,5,1.0,1.0,0.08214342921014542
BTP_20160703_6,28.1,4,1.0,2.0,0.021607769311167563
BTP_20160703_6,28.1,3,0.0,3.0,0.38518983752220787
BTP_20160703_6,28.1,8,0.0,4.0,0.44455122172301664
BTP_20160703_6,28.1,2,0.0,5.0,0.04359733380810637
BTP_20160703_6,28.1,6,0.0,6.0,0.01299383295487378
BTP_20160703_6,28.1,7,0.0,7.0,0.005681033494095991
BTP_20160703_6,28.1,1,0.0,8.0,0.004235541976386391
BTP_20160703_7,31.1,2,1.0,1.0,0.14443173613717436
BTP_20160703_7,31.1,1,1.0,2.0,0.03430995424552744
BTP_20160703_7,31.1,5,0.0,3.0,0.005524760617094394
BTP_20160703_7,31.1,6,0.0,4.0,0.12013541972470912
BTP_20160703_7,31.1,8,0.0,5.0,0.5084861339973633
BTP_20160703_7,31.1,7,0.0,6.0,0.14443173613717436
BTP_20160703_7,31.1,4,0.0,7.0,0.021247886056199827
BTP_20160703_7,31.1,9,0.0,8.0,0.01651466624358311
BTP_20160703_7,31.1,3,0.0,9.0,0.0008097474556076882
BTP_20160703_7,31.1,10,,,0.0041079593855664715
BTP_20160703_8,51.6,8,1.0,1.0,0.007144954800987765
BTP_20160703_8,51.6,1,1.0,2.0,0.019835918788278246
BTP_20160703_8,51.6,9,0.0,3.0,0.3195273542390198
BTP_20160703_8,51.6,5,0.0,4.0,0.048706680528096895
BTP_20160703_8,51.6,6,0.0,5.0,0.0006186173353163048
BTP_20160703_8,51.6,10,0.0,6.0,0.1707677010213815
BTP_20160703_8,51.6,2,0.0,7.0,0.3865819809093751
BTP_20160703_8,51.6,4,0.0,8.0,0.007144954800987765
BTP_20160703_8,51.6,3,0.0,9.0,0.019835918788278246
BTP_20160703_8,51.6,7,,,0.019835918788278246
CPW_20160703_3,7.7,6,1.0,1.0,0.05157359344984926
CPW_20160703_3,7.7,3,1.0,2.0,0.02609640918200601
CPW_20160703_3,7.7,5,0.0,4.0,0.27459416764126554
CPW_20160703_3,7.7,2,0.0,5.0,0.6477358297268792
CPW_20160703_7,20.2,5,1.0,1.0,0.46556144479165334
CPW_20160703_7,20.2,3,1.0,2.0,0.001996560365675275
CPW_20160703_7,20.2,1,0.0,3.0,0.15230810792244565
CPW_20160703_7,20.2,6,0.0,4.0,0.05371096794864724
CPW_20160703_7,20.2,7,0.0,5.0,0.009617547979282071
CPW_20160703_7,20.2,2,,,0.20687322552545634
CPW_20160703_7,20.2,4,,,0.10993214546684003
ELP_20160703_1,72.7,12,1.0,1.0,0.03180132376361312
ELP_20160703_1,72.7,2,1.0,2.0,0.12464536898416094
ELP_20160703_1,72.7,11,0.0,3.0,0.09451641631055592
ELP_20160703_1,72.7,10,0.0,4.0,0.2633475845200712
ELP_20160703_1,72.7,3,0.0,5.0,0.12464536898416094
ELP_20160703_1,72.7,8,0.0,6.0,0.09451641631055592
ELP_20160703_1,72.7,1,0.0,7.0,0.1620717601953589
ELP_20160703_1,72.7,7,0.0,9.0,0.007089412246933109
ELP_20160703_1,72.7,5,0.0,10.0,0.07061717036806234
ELP_20160703_1,72.7,4,0.0,11.0,0.0002431344444836162
ELP_20160703_1,72.7,9,,,0.0037388728354527216
ELP_20160703_1,72.7,13,,,0.0003198920333510638
ELP_20160703_1,72.7,14,,,0.022447279003240162
ELP_20160703_2,8.8,4,1.0,1.0,0.6420595614837621
ELP_20160703_2,8.8,8,1.0,2.0,0.11283280796297744
ELP_20160703_2,8.8,6,0.0,3.0,0.07853018488174571
ELP_20160703_2,8.8,1,0.0,4.0,0.002177147394150411
ELP_20160703_2,8.8,2,0.0,5.0,0.03530455704487048
ELP_20160703_2,8.8,5,0.0,6.0,0.05333746320043114
ELP_20160703_2,8.8,9,0.0,7.0,0.0021771473941504106
ELP_20160703_2,8.8,3,,,0.008658294008998119
ELP_20160703_2,8.8,7,,,0.06492283662891424
ELP_20160703_4,7.3,2,1.0,1.0,0.030204688772701837
ELP_20160703_4,7.3,1,1.0,2.0,0.45574188107442465
ELP_20160703_4,7.3,6,0.0,3.0,0.08770940155295512
ELP_20160703_4,7.3,4,0.0,4.0,0.17428875931609444
ELP_20160703_4,7.3,5,0.0,5.0,0.0008621967596172858
ELP_20160703_4,7.3,7,0.0,6.0,0.008569481530718093
ELP_20160703_4,7.3,3,0.0,7.0,0.06833483167739421
ELP_20160703_4,7.3,8,,,0.17428875931609444
ELP_20160703_5,10.0,4,1.0,1.0,0.02872795922177847
ELP_20160703_5,10.0,11,1.0,2.0,0.0348590729965256
ELP_20160703_5,10.0,6,0.0,3.0,0.010027403125860462
ELP_20160703_5,10.0,2,0.0,4.0,0.0996941962912646
ELP_20160703_5,10.0,5,0.0,5.0,0.012522993091309949
ELP_20160703_5,10.0,7,0.0,6.0,0.019187215587088566
ELP_20160703_5,10.0,9,0.0,7.0,0.019187215587088566
ELP_20160703_5,10.0,1,0.0,8.0,0.0004234252425926549
ELP_20160703_5,10.0,10,0.0,9.0,0.0023191536177425485
ELP_20160703_5,10.0,3,,,0.21003943994507726
ELP_20160703_5,10.0,8,,,0.5630119252936713
ELP_20160703_6,47.2,7,1.0,1.0,0.8413447460684901
ELP_20160703_6,47.2,3,0.0,7.0,0.1586552539315099
ELP_20160703_7,10.2,1,1.0,1.0,0.1782990976943818
ELP_20160703_7,10.2,5,1.0,2.0,0.6406201851473852
ELP_20160703_7,10.2,2,0.0,3.0,0.0727100829690478
ELP_20160703_7,10.2,1A,0.0,4.0,0.01568148221025966
ELP_20160703_7,10.2,9,0.0,5.0,0.019955154382148742
ELP_20160703_7,10.2,6,0.0,6.0,0.002317006761711099
ELP_20160703_7,10.2,8,0.0,7.0,0.031593155997336135
ELP_20160703_7,10.2,3,0.0,8.0,0.005526181888478672
ELP_20160703_7,10.2,4,0.0,9.0,0.0017044969519147714
ELP_20160703_7,10.2,7,0.0,10.0,0.03159315599733613
ELP_20160703_8,43.8,2,1.0,1.0,0.003895590128955378
ELP_20160703_8,43.8,8,1.0,2.0,0.23598296082260967
ELP_20160703_8,43.8,7,0.0,3.0,0.02453524603823571
ELP_20160703_8,43.8,5,0.0,4.0,0.19559785278272923
ELP_20160703_8,43.8,4,0.0,5.0,0.0009044604220955487
ELP_20160703_8,43.8,1,0.0,6.0,0.013889713518046368
ELP_20160703_8,43.8,6,0.0,7.0,0.02453524603823571
ELP_20160703_8,43.8,3,0.0,8.0,0.33599208568418515
ELP_20160703_8,43.8,9,0.0,9.0,0.0013270860703401802
ELP_20160703_8,43.8,10,,,0.03209747464057756
ELP_20160703_8,43.8,11,,,0.13124228385398953
EMD_20160703_10,6.3,4,1.0,1.0,0.19587059869501758
EMD_20160703_10,6.3,2,1.0,2.0,0.6016332727339248
EMD_20160703_10,6.3,3,0.0,3.0,0.002203370343200021
EMD_20160703_10,6.3,1,0.0,4.0,0.07328308665653088
EMD_20160703_10,6.3,6,0.0,5.0,0.03830852519706188
EMD_20160703_10,6.3,7,0.0,6.0,0.015418059717734169
EMD_20160703_10,6.3,5,0.0,7.0,0.0732830866565309
EMD_20160703_2,19.2,5,1.0,1.0,0.06309439039691903
EMD_20160703_2,19.2,8,1.0,2.0,0.3463074983843251
EMD_20160703_2,19.2,6,0.0,3.0,0.08063176665353179
EMD_20160703_2,19.2,7,0.0,6.0,0.48825865424178994
EMD_20160703_2,19.2,3,0.0,7.0,0.015753128526434332
EMD_20160703_2,19.2,2,,,0.005954561796999831
EMD_20160703_3,32.8,6,1.0,1.0,0.08346727817175385
EMD_20160703_3,32.8,1,1.0,2.0,0.08346727817175385
EMD_20160703_3,32.8,8,0.0,3.0,0.2830254896837142
EMD_20160703_3,32.8,4,0.0,4.0,0.20574142332016418
EMD_20160703_3,32.8,7,0.0,5.0,0.32924525100716534
EMD_20160703_3,32.8,2,0.0,6.0,0.0013364209858240652
EMD_20160703_3,32.8,5,0.0,7.0,0.013716858659624461
EMD_20160703_4,57.3,7,1.0,1.0,0.015551673408351514
EMD_20160703_4,57.3,4,1.0,2.0,0.006925733576677588
EMD_20160703_4,57.3,3,0.0,3.0,0.06279877307519931
EMD_20160703_4,57.3,5,0.0,4.0,0.11410846486078222
EMD_20160703_4,57.3,1,0.0,5.0,0.5983649794567316
EMD_20160703_4,57.3,2,,,0.006925733576677588
EMD_20160703_4,57.3,6,,,0.19532464204558014
EMD_20160703_5,26.4,7,1.0,1.0,0.02366761052574327
EMD_20160703_5,26.4,2,1.0,2.0,0.14068216473604833
EMD_20160703_5,26.4,5,0.0,3.0,0.007869304576252806
EMD_20160703_5,26.4,3,0.0,4.0,0.02366761052574327
EMD_20160703_5,26.4,1,0.0,5.0,0.7637703584688239
EMD_20160703_5,26.4,6,0.0,6.0,0.02366761052574327
EMD_20160703_5,26.4,4,0.0,7.0,0.016675340641645078
EMD_20160703_6,2.4,2,1.0,1.0,0.44008779130166226
EMD_20160703_6,2.4,4,1.0,2.0,0.44008779130166226
EMD_20160703_6,2.4,5,0.0,3.0,0.0643562257399349
EMD_20160703_6,2.4,3,0.0,4.0,0.009668414736172123
EMD_20160703_6,2.4,1,0.0,5.0,0.04579977692056835
EMD_20160703_7,16.7,5,1.0,1.0,0.10214438887554611
EMD_20160703_7,16.7,1,1.0,2.0,0.50161633565681
EMD_20160703_7,16.7,8,0.0,3.0,0.21632000556904948
EMD_20160703_7,16.7,2,0.0,4.0,0.0013216776174816498
EMD_20160703_7,16.7,9,0.0,5.0,0.003237389782533765
EMD_20160703_7,16.7,3,0.0,6.0,0.042776807139914934
EMD_20160703_7,16.7,4,0.0,7.0,0.07750718528203902
EMD_20160703_7,16.7,7,0.0,8.0,0.004928789217092203
EMD_20160703_7,16.7,6,0.0,9.0,0.042776807139914934
EMD_20160703_7,16.7,10,0.0,10.0,0.007370613719617896
EMD_20160703_8,36.2,4,1.0,1.0,0.12878181175758183
EMD_20160703_8,36.2,8,1.0,2.0,0.02927106661544205
EMD_20160703_8,36.2,3,0.0,3.0,0.10313025345125557
EMD_20160703_8,36.2,5,0.0,4.0,0.029271066615442053
EMD_20160703_8,36.2,6,0.0,5.0,0.3434256755889846
EMD_20160703_8,36.2,7,0.0,6.0,0.0006589266882186793
EMD_20160703_8,36.2,1,0.0,7.0,0.3434256755889846
EMD_20160703_8,36.2,2,,,0.022035523694090557
EMD_20160703_9,126.5,5,1.0,1.0,0.0036160192073920014
EMD_20160703_9,126.5,6,1.0,2.0,0.2777944025841554
EMD_20160703_9,126.5,9,0.0,3.0,0.16960713358712728
EMD_20160703_9,126.5,3,0.0,4.0,0.16960713358712728
EMD_20160703_9,126.5,8,0.0,5.0,0.07280041167966186
EMD_20160703_9,126.5,4,0.0,6.0,0.2777944025841554
EMD_20160703_9,126.5,7,0.0,7.0,0.00857366812358191
EMD_20160703_9,126.5,2,0.0,8.0,0.0014054361760707159
EMD_20160703_9,126.5,1,0.0,9.0,0.01880139247072812
FEX_20160703_1,77.75,6,1.0,1.0,0.13107844511589087
FEX_20160703_1,77.75,3,1.0,2.0,0.013626370204106238
FEX_20160703_1,77.75,4,0.0,3.0,0.2886912417182833
FEX_20160703_1,77.75,7,0.0,4.0,0.0015202216065983425
FEX_20160703_1,77.75,2,0.0,5.0,0.13107844511589087
FEX_20160703_1,77.75,5,0.0,6.0,0.382340114467837
FEX_20160703_1,77.75,1,0.0,7.0,0.051665161771393305
FEX_20160703_2,26.0,2,1.0,1.0,0.0031100959196987575
FEX_20160703_2,26.0,6,1.0,2.0,0.4560947110797546
FEX_20160703_2,26.0,3,0.0,3.0,0.13749061702996787
FEX_20160703_2,26.0,5,0.0,4.0,0.20382117791412427
FEX_20160703_2,26.0,1,0.0,5.0,0.17937475131050593
FEX_20160703_2,26.0,4,0.0,6.0,0.020108646745948523
FEX_20160703_3,30.5,8,1.0,1.0,0.2302811081179984
FEX_20160703_3,30.5,6,1.0,2.0,0.05165703120747125
FEX_20160703_3,30.5,9,0.0,3.0,0.3884817948332024
FEX_20160703_3,30.5,4,0.0,4.0,0.27606951531014035
FEX_20160703_3,30.5,3,0.0,5.0,0.00993290621365803
FEX_20160703_3,30.5,7,0.0,6.0,0.003761488458458189
FEX_20160703_3,30.5,2,0.0,7.0,0.0026588765501090908
FEX_20160703_3,30.5,1,0.0,8.0,0.013423441510664175
FEX_20160703_3,30.5,5,0.0,9.0,0.023733837798298015
FEX_20160703_4,27.45,1,1.0,1.0,0.07136350569643374
FEX_20160703_4,27.45,4,1.0,2.0,0.20276534127087742
FEX_20160703_4,27.45,7,0.0,3.0,0.11648969984327506
FEX_20160703_4,27.45,5,0.0,4.0,0.07136350569643374
FEX_20160703_4,27.45,8,0.0,5.0,0.3651284192167401
FEX_20160703_4,27.45,3,0.0,6.0,0.08099455066594516
FEX_20160703_4,27.45,6,0.0,7.0,0.09167187799357848
FEX_20160703_4,27.45,2,0.0,8.0,0.00022309961671621796
FEX_20160703_5,14.15,1,1.0,1.0,0.6022699067723842
FEX_20160703_5,14.15,6,1.0,2.0,0.02004000639169992
FEX_20160703_5,14.15,5,0.0,3.0,0.054972098963499916
FEX_20160703_5,14.15,7,0.0,4.0,0.1594136661932316
FEX_20160703_5,14.15,3,0.0,5.0,0.001637794703139988
FEX_20160703_5,14.15,2,0.0,6.0,0.054972098963499916
FEX_20160703_5,14.15,4,0.0,7.0,0.10669442801254438
FEX_20160703_6,63.55,5,1.0,1.0,0.1654446363058628
FEX_20160703_6,63.55,1,1.0,2.0,0.10836249772868203
FEX_20160703_6,63.55,3,0.0,3.0,0.3207915009915078
FEX_20160703_6,63.55,2,0.0,4.0,0.38115396775433075
FEX_20160703_6,63.55,4,0.0,5.0,0.003118688159266038
FEX_20160703_6,63.55,6,,,0.02112870906035062
FEX_20160703_7,12.45,4,1.0,1.0,0.14006740979527196
FEX_20160703_7,12.45,5,1.0,2.0,0.6586038678474587
FEX_20160703_7,12.45,3,0.0,3.0,0.08265523896279113
FEX_20160703_7,12.45,2,0.0,4.0,0.04623074527080127
FEX_20160703_7,12.45,6,0.0,5.0,0.024400401405717403
FEX_20160703_7,12.45,7,0.0,6.0,0.04623074527080126
FEX_20160703_7,12.45,1,0.0,7.0,0.0018115914471582882
FMT_20160703_1,10.6,4,1.0,1.0,0.06277164623300792
FMT_20160703_1,10.6,2,1.0,2.0,0.8219426753301737
FMT_20160703_1,10.6,1,0.0,3.0,0.06277164623300792
FMT_20160703_1,10.6,3,0.0,4.0,0.052514032203810436
FMT_20160703_2,26.9,2,1.0,1.0,0.3708679180857195
FMT_20160703_2,26.9,1,1.0,2.0,0.013424477078098693
FMT_20160703_2,26.9,6,0.0,3.0,0.4898926732050084
FMT_20160703_2,26.9,8,0.0,4.0,0.010353519029039164
FMT_20160703_2,26.9,5,0.0,5.0,0.007919096140803512
FMT_20160703_2,26.9,7,0.0,6.0,0.035037336582451166
FMT_20160703_2,26.9,4,0.0,7.0,0.06649886438779916
FMT_20160703_2,26.9,3,0.0,8.0,0.006006115491080433
FMT_20160703_3,2.1,5,1.0,1.0,0.37531219957816375
FMT_20160703_3,2.1,3,1.0,2.0,0.15242202506406924
FMT_20160703_3,2.1,2,0.0,3.0,0.01812361670499562
FMT_20160703_3,2.1,1,0.0,4.0,0.013650267727748445
FMT_20160703_3,2.1,4,,,0.4404918909250229
FMT_20160703_4,3.5,5,1.0,1.0,0.7010532183418893
FMT_20160703_4,3.5,4,1.0,2.0,0.07324515353830603
FMT_20160703_4,3.5,3,0.0,3.0,0.17618629433818608
FMT_20160703_4,3.5,2,0.0,4.0,0.037538719957649
FMT_20160703_4,3.5,1,0.0,5.0,0.011976613823969674
FMT_20160703_5,4.5,5,1.0,1.0,0.5849271764745243
FMT_20160703_5,4.5,4,1.0,2.0,0.08401347300849114
FMT_20160703_5,4.5,1,0.0,3.0,0.28068113744015283
FMT_20160703_5,4.5,3,0.0,4.0,0.04096563639742455
FMT_20160703_5,4.5,2,0.0,5.0,0.009412576679407087
FMT_20160703_6,52.5,2,1.0,1.0,0.47531564420211264
FMT_20160703_6,52.5,5,1.0,2.0,0.012354860588163558
FMT_20160703_6,52.5,3,0.0,3.0,0.3523071080582415
FMT_20160703_6,52.5,4,0.0,5.0,0.16002238715148226
GIL_20160703_8,22.9,7,1.0,1.0,0.4872605950032859
GIL_20160703_8,22.9,3,1.0,2.0,0.01827075418418147
GIL_20160703_8,22.9,4,0.0,3.0,0.021871163742452685
GIL_20160703_8,22.9,5,0.0,4.0,0.22790936913755594
GIL_20160703_8,22.9,2,0.0,5.0,0.10556989614917799
GIL_20160703_8,22.9,6,0.0,6.0,0.07946989678546547
GIL_20160703_8,22.9,1,0.0,7.0,0.05894348391026838
GIL_20160703_8,22.9,8,0.0,8.0,0.0007048410876121197
GPX_20160703_1,20.2,5,1.0,1.0,0.28752620620713953
GPX_20160703_1,20.2,6,1.0,2.0,0.06927032630592493
GPX_20160703_1,20.2,3,0.0,3.0,0.45840912477779355
GPX_20160703_1,20.2,1,0.0,4.0,0.04953092682533156
GPX_20160703_1,20.2,4,0.0,5.0,0.09514540706453507
GPX_20160703_1,20.2,2,0.0,6.0,0.002681186619885189
GPX_20160703_1,20.2,7,0.0,7.0,0.002681186619885189
GPX_20160703_1,20.2,8,0.0,8.0,0.03475563557950498
GPX_20160703_10,41.9,2,1.0,1.0,0.47089681868783784
GPX_20160703_10,41.9,1,1.0,2.0,0.0039811698338083
GPX_20160703_10,41.9,5,0.0,3.0,0.02979076370369098
GPX_20160703_10,41.9,6,0.0,4.0,0.03978732283351233
GPX_20160703_10,41.9,3,0.0,5.0,0.02979076370369098
GPX_20160703_10,41.9,9,0.0,6.0,0.3939801902076354
GPX_20160703_10,41.9,4,0.0,7.0,0.022027497826516276
GPX_20160703_10,41.9,8,0.0,8.0,0.005764303369499657
GPX_20160703_10,41.9,7,0.0,9.0,0.0039811698338083
GPX_20160703_11,9.9,8,1.0,1.0,0.3750026293392414
GPX_20160703_11,9.9,6,1.0,2.0,0.1684678868084911
GPX_20160703_11,9.9,5,0.0,3.0,0.023598720777195322
GPX_20160703_11,9.9,2,0.0,4.0,0.026996572678415695
GPX_20160703_11,9.9,10,0.0,5.0,0.0350637618382155
GPX_20160703_11,9.9,7,0.0,6.0,0.06459906235443062
GPX_20160703_11,9.9,12,0.0,7.0,0.06459906235443062
GPX_20160703_11,9.9,1,0.0,8.0,0.11238359008168607
GPX_20160703_11,9.9,4,0.0,9.0,0.015519569596385802
GPX_20160703_11,9.9,11,0.0,10.0,7.146500661340891e-05
GPX_20160703_11,9.9,13,0.0,11.0,0.11238359008168608
GPX_20160703_11,9.9,9,0.0,13.0,0.0013140890832084127
GPX_20160703_2,7.8,3,1.0,1.0,0.10667060390334486
GPX_20160703_2,7.8,4,1.0,2.0,0.13564036639340057
GPX_20160703_2,7.8,6,0.0,3.0,0.2620182503099218
GPX_20160703_2,7.8,5,0.0,4.0,0.38752565123433624
GPX_20160703_2,7.8,2,0.0,5.0,0.001474524255651715
GPX_20160703_2,7.8,1,,,0.10667060390334486
GPX_20160703_3,36.9,1,1.0,1.0,0.45679432030105716
GPX_20160703_3,36.9,6,1.0,2.0,0.052224609873869995
GPX_20160703_3,36.9,5,0.0,3.0,0.014874974415429561
GPX_20160703_3,36.9,3,0.0,4.0,0.3540221311181056
GPX_20160703_3,36.9,4,0.0,5.0,0.07564822114706772
GPX_20160703_3,36.9,7,0.0,6.0,0.001917839549659076
GPX_20160703_3,36.9,8,0.0,7.0,0.00929498322845276
GPX_20160703_3,36.9,2,0.0,8.0,0.03522292036635818
GPX_20160703_4,40.1,7,1.0,1.0,0.31065448558632525
GPX_20160703_4,40.1,6,1.0,2.0,0.013826515155444858
GPX_20160703_4,40.1,3,0.0,3.0,0.20620419046052593
GPX_20160703_4,40.1,1,0.0,4.0,0.3761805671091009
GPX_20160703_4,40.1,2,0.0,5.0,0.061949596854542634
GPX_20160703_4,40.1,8,0.0,6.0,0.019158680358752723
GPX_20160703_4,40.1,5,0.0,7.0,0.0021848399757572775
GPX_20160703_4,40.1,4,0.0,8.0,0.009841124499550297
GPX_20160703_5,35.4,6,1.0,1.0,0.24131221773844205
GPX_20160703_5,35.4,1,1.0,2.0,0.6707421031069973
GPX_20160703_5,35.4,9,0.0,7.0,0.06536326484602624
GPX_20160703_5,35.4,8,0.0,9.0,0.022582414308534245
GPX_20160703_6,66.3,8,1.0,1.0,0.03853841216178493
GPX_20160703_6,66.3,1,1.0,2.0,0.3965722831088907
GPX_20160703_6,66.3,7,0.0,3.0,0.35005305303034123
GPX_20160703_6,66.3,4,0.0,4.0,0.06703637821619506
GPX_20160703_6,66.3,3,0.0,5.0,0.005342848733060125
GPX_20160703_6,66.3,2,0.0,6.0,0.09443163336262682
GPX_20160703_6,66.3,6,0.0,7.0,0.04660145240749631
GPX_20160703_6,66.3,5,,,0.0014239389796049066
GPX_20160703_7,30.2,4,1.0,1.0,0.10628814467358523
GPX_20160703_7,30.2,5,1.0,2.0,0.0005120399413084728
GPX_20160703_7,30.2,6,0.0,3.0,0.060374980743197124
GPX_20160703_7,30.2,1,0.0,4.0,0.42755300610193786
GPX_20160703_7,30.2,2,0.0,5.0,0.025900298513373075
GPX_20160703_7,30.2,12,0.0,6.0,0.012738156592440127
GPX_20160703_7,30.2,7,0.0,7.0,0.17727550508004844
GPX_20160703_7,30.2,8,0.0,8.0,0.07336162560577209
GPX_20160703_7,30.2,3,0.0,9.0,0.005849162389195556
GPX_20160703_7,30.2,9,0.0,10.0,0.0024990018775109682
GPX_20160703_7,30.2,11,0.0,11.0,0.10628814467358523
GPX_20160703_7,30.2,10,0.0,12.0,0.0013599338080456645
GPX_20160703_8,12.5,8,1.0,1.0,0.3951242860372268
GPX_20160703_8,12.5,3,1.0,2.0,0.09665375016403384
GPX_20160703_8,12.5,9,0.0,3.0,0.035050022800445974
GPX_20160703_8,12.5,6,0.0,4.0,0.1213967769634487
GPX_20160703_8,12.5,7,0.0,5.0,0.002630608426148626
GPX_20160703_8,12.5,4,0.0,6.0,0.0005262781265857056
GPX_20160703_8,12.5,2,0.0,7.0,0.15102623693480968
GPX_20160703_8,12.5,1,0.0,8.0,0.07619526358385191
GPX_20160703_8,12.5,5,,,0.1213967769634487
GPX_20160703_9,16.8,8,1.0,2.0,0.21025216589077916
GPX_20160703_9,16.8,4,0.0,3.0,0.4705522919324524
GPX_20160703_9,16.8,1,0.0,5.0,0.2566452854859054
GPX_20160703_9,16.8,3,0.0,6.0,0.0569872367340094
GPX_20160703_9,16.8,5,0.0,8.0,0.005563019956853602
GRP_20160703_2,18.8,2,1.0,1.0,0.0922948492250252
GRP_20160703_2,18.8,5,1.0,2.0,0.16269720879600813
GRP_20160703_2,18.8,1,0.0,3.0,0.6462630326102712
GRP_20160703_2,18.8,4,0.0,4.0,0.09229484922502522
GRP_20160703_2,18.8,3,0.0,5.0,0.006450060143670269
GRP_20160703_6,51.6,3,1.0,1.0,0.28559560553965946
GRP_20160703_6,51.6,5,1.0,2.0,0.13666375258088562
GRP_20160703_6,51.6,1,0.0,3.0,0.07260466913537224
GRP_20160703_6,51.6,4,0.0,4.0,0.3375299807809207
GRP_20160703_6,51.6,2,0.0,5.0,0.16610756958392603
GRP_20160703_6,51.6,6,0.0,6.0,0.001498422379235918
GRP_20160703_8,3.6,1,1.0,1.0,0.48688302624805874
GRP_20160703_8,3.6,2,1.0,2.0,0.1912741044638194
GRP_20160703_8,3.6,3,0.0,3.0,0.07048530562724749
GRP_20160703_8,3.6,5,0.0,4.0,0.005106507160417716
GRP_20160703_8,3.6,4,0.0,5.0,0.24625105650045667
HST_20160703_1,4.7,1,1.0,1.0,0.44278415944533545
HST_20160703_1,4.7,4,1.0,2.0,0.44278415944533545
HST_20160703_1,4.7,5,0.0,3.0,0.07771598560744225
HST_20160703_1,4.7,2,0.0,4.0,0.01835784775094343
HST_20160703_1,4.7,3,0.0,5.0,0.01835784775094343
HST_20160703_2,12.8,1,1.0,2.0,0.24821293476849823
HST_20160703_2,12.8,4,0.0,4.0,0.24821293476849823
HST_20160703_2,12.8,6,0.0,6.0,0.011419784051238583
HST_20160703_2,12.8,2,,,0.492154346411765
HST_20160703_3,33.45,1,1.0,2.0,0.21479084553920155
HST_20160703_3,33.45,4,0.0,3.0,0.10851220401901997
HST_20160703_3,33.45,3,0.0,4.0,0.33831976421885074
HST_20160703_3,33.45,6,0.0,5.0,0.18265211790866628
HST_20160703_3,33.45,7,0.0,6.0,0.15445115219717745
HST_20160703_3,33.45,2,0.0,7.0,0.001273916117083958
HST_20160703_4,6.05,4,1.0,1.0,0.17125324943923678
HST_20160703_4,6.05,7,1.0,2.0,0.5768772418056616
HST_20160703_4,6.05,3,0.0,3.0,0.039988466889905865
HST_20160703_4,6.05,6,0.0,4.0,0.010795423890286576
HST_20160703_4,6.05,1,0.0,5.0,0.19207057462499091
HST_20160703_4,6.05,8,0.0,7.0,0.009015043349918206
HST_20160703_5,27.8,8,1.0,1.0,0.23188780972078943
HST_20160703_5,27.8,4,1.0,2.0,0.36072537949325684
HST_20160703_5,27.8,1,0.0,3.0,0.14222764521204562
HST_20160703_5,27.8,3,0.0,4.0,0.005183554572239143
HST_20160703_5,27.8,6,0.0,5.0,0.011452123354320096
HST_20160703_5,27.8,5,0.0,6.0,0.011452123354320096
HST_20160703_5,27.8,7,0.0,7.0,0.23188780972078943
HST_20160703_5,27.8,2,,,0.005183554572239144
HST_20160703_6,24.2,6,1.0,1.0,0.3639953008057115
HST_20160703_6,24.2,5,1.0,2.0,0.006007189960788374
HST_20160703_6,24.2,8,0.0,3.0,0.06569897783299723
HST_20160703_6,24.2,3,0.0,4.0,0.021872265058966365
HST_20160703_6,24.2,2,0.0,5.0,0.006007189960788374
HST_20160703_6,24.2,7,0.0,6.0,0.1664165856142483
HST_20160703_6,24.2,4,0.0,7.0,0.006007189960788374
HST_20160703_6,24.2,1,0.0,8.0,0.3639953008057116
HST_20160703_7,21.9,5,1.0,1.0,0.13962041881513224
HST_20160703_7,21.9,2,1.0,2.0,0.4104365247145434
HST_20160703_7,21.9,3,0.0,3.0,0.10892304032119157
HST_20160703_7,21.9,8,0.0,4.0,0.048011682084341395
HST_20160703_7,21.9,7,0.0,5.0,0.10892304032119157
HST_20160703_7,21.9,1,0.0,6.0,0.006398940232823835
HST_20160703_7,21.9,6,0.0,7.0,0.1769136802816322
HST_20160703_7,21.9,4,0.0,8.0,0.0007726732291438376
HST_20160703_8,74.45,8,1.0,1.0,0.04305588400981856
HST_20160703_8,74.45,7,1.0,2.0,0.1507708451843127
HST_20160703_8,74.45,1,0.0,3.0,0.00021105034908954867
HST_20160703_8,74.45,5,0.0,4.0,0.25591810598453113
HST_20160703_8,74.45,4,0.0,5.0,0.06744997609583965
HST_20160703_8,74.45,6,0.0,6.0,0.18105244800778317
HST_20160703_8,74.45,3,0.0,7.0,0.15077084518431266
HST_20160703_8,74.45,2,0.0,8.0,0.15077084518431266
LAX_20160703_1,6.7,1,1.0,1.0,0.2830422178821167
LAX_20160703_1,6.7,6,1.0,2.0,0.5156479041268808
LAX_20160703_1,6.7,2,0.0,3.0,0.09611727246685854
LAX_20160703_1,6.7,4,0.0,4.0,0.06344961890449351
LAX_20160703_1,6.7,7,0.0,5.0,0.019569890887860916
LAX_20160703_1,6.7,3,0.0,6.0,0.0026032048439286366
LAX_20160703_1,6.7,5,,,0.01956989088786092
LAX_20160703_2,6.8,1,1.0,1.0,0.21367223367939847
LAX_20160703_2,6.8,6,1.0,2.0,0.46019561046762425
LAX_20160703_2,6.8,3,0.0,3.0,0.028559348776905844
LAX_20160703_2,6.8,2,0.0,4.0,0.06051144720083189
LAX_20160703_2,6.8,5,0.0,5.0,0.11804299080288473
LAX_20160703_2,6.8,4,0.0,6.0,0.000975378269470099
LAX_20160703_2,6.8,7,,,0.11804299080288473
LAX_20160703_3,4.3,5,1.0,1.0,0.22252240885655122
LAX_20160703_3,4.3,2,1.0,2.0,0.5361913737084869
LAX_20160703_3,4.3,4,0.0,3.0,0.13319807747889215
LAX_20160703_3,4.3,1,0.0,4.0,0.09173788890357383
LAX_20160703_3,4.3,6,0.0,5.0,0.009281629007337672
LAX_20160703_3,4.3,3,0.0,6.0,0.007068622045158215
LAX_20160703_5,82.0,3,1.0,1.0,0.0461750736432693
LAX_20160703_5,82.0,2,1.0,2.0,0.1358256489065695
LAX_20160703_5,82.0,1,0.0,3.0,0.0019291900205260428
LAX_20160703_5,82.0,6,0.0,4.0,0.198156725298526
LAX_20160703_5,82.0,5,0.0,5.0,0.1646477569511868
LAX_20160703_5,82.0,4,,,0.45326560517992226
LBG_20160703_5,8.05,4,1.0,1.0,0.47294529458192347
LBG_20160703_5,8.05,1,1.0,2.0,0.29414347178369377
LBG_20160703_5,8.05,6,0.0,3.0,0.1076985155462776
LBG_20160703_5,8.05,7,0.0,4.0,0.08364496911046321
LBG_20160703_5,8.05,2,0.0,5.0,0.011931288194555753
LBG_20160703_5,8.05,5,0.0,6.0,0.0026817347184075976
LBG_20160703_5,8.05,3,0.0,7.0,0.026954726064678542
LBG_20160703_6,6.6,6,1.0,1.0,0.49647819058406073
LBG_20160703_6,6.6,5,1.0,2.0,0.13876199156980293
LBG_20160703_6,6.6,3,0.0,3.0,0.13876199156980293
LBG_20160703_6,6.6,4,0.0,4.0,0.19760555713209443
LBG_20160703_6,6.6,1,0.0,5.0,0.002811253215585138
LBG_20160703_6,6.6,2,0.0,6.0,0.025581015928653816
LBG_20160703_7,19.3,6,1.0,1.0,0.5196601989516076
LBG_20160703_7,19.3,4,1.0,2.0,0.18825743480861518
LBG_20160703_7,19.3,3,0.0,3.0,0.06898547853684693
LBG_20160703_7,19.3,7,0.0,4.0,0.05204743325127712
LBG_20160703_7,19.3,1,0.0,5.0,0.02060199868714754
LBG_20160703_7,19.3,2,0.0,6.0,0.14905186861677053
LBG_20160703_7,19.3,5,0.0,7.0,0.0013955871477350306
LBG_20160703_8,16.85,4,1.0,1.0,0.5309427066703326
LBG_20160703_8,16.85,6,1.0,2.0,0.003113137332162512
LBG_20160703_8,16.85,3,0.0,3.0,0.15044274380099787
LBG_20160703_8,16.85,2,0.0,4.0,0.03680280866676687
LBG_20160703_8,16.85,7,0.0,5.0,0.01173877323399471
LBG_20160703_8,16.85,5,0.0,6.0,0.2239644699608586
LBG_20160703_8,16.85,8,0.0,7.0,0.03680280866676687
LBG_20160703_8,16.85,1,0.0,8.0,0.006192551668119849
LRL_20160703_1,39.2,7,1.0,1.0,0.19177904697669218
LRL_20160703_1,39.2,2,1.0,2.0,0.004434618093179787
LRL_20160703_1,39.2,6,0.0,3.0,0.5546262993663417
LRL_20160703_1,39.2,4,0.0,4.0,0.06314387137424256
LRL_20160703_1,39.2,5,0.0,5.0,0.004434618093179786
LRL_20160703_1,39.2,3,0.0,6.0,0.08034216767663366
LRL_20160703_1,39.2,1,,,0.1012393784197303
LSX_20160703_1,29.6,10,1.0,1.0,0.24882279201167867
LSX_20160703_1,29.6,7,1.0,2.0,0.06270808946793653
LSX_20160703_1,29.6,5,0.0,3.0,0.4370955491099847
LSX_20160703_1,29.6,1,0.0,5.0,0.17087470469088972
LSX_20160703_1,29.6,9,0.0,6.0,0.03845033650657582
LSX_20160703_1,29.6,2,0.0,7.0,0.032387376304191556
LSX_20160703_1,29.6,4,0.0,8.0,0.0010872502378069318
LSX_20160703_1,29.6,6,,,0.008573901670935956
LSX_20160703_10,13.1,8,1.0,1.0,0.5822418072153746
LSX_20160703_10,13.1,6,1.0,2.0,0.11548814591660954
LSX_20160703_10,13.1,2,0.0,3.0,0.11548814591660954
LSX_20160703_10,13.1,7,0.0,4.0,0.0013201127868771177
LSX_20160703_10,13.1,1,0.0,5.0,0.11548814591660957
LSX_20160703_10,13.1,5,0.0,6.0,0.03171545771647229
LSX_20160703_10,13.1,4,0.0,7.0,0.008604344717300027
LSX_20160703_10,13.1,9,0.0,8.0,0.02486426305876591
LSX_20160703_10,13.1,3,,,0.004789576755381251
LSX_20160703_2,5.0,2,1.0,1.0,0.3143934700690344
LSX_20160703_2,5.0,6,1.0,2.0,0.5703448216492353
LSX_20160703_2,5.0,3,0.0,3.0,0.00780029405924459
LSX_20160703_2,5.0,5,0.0,4.0,0.02315274745714497
LSX_20160703_2,5.0,4,0.0,5.0,0.04993687031894741
LSX_20160703_2,5.0,1,0.0,6.0,0.034371796446393404
LSX_20160703_3,3.8,4,1.0,1.0,0.7304513085173842
LSX_20160703_3,3.8,7,1.0,2.0,0.0969861738580977
LSX_20160703_3,3.8,3,0.0,3.0,0.06280556778287123
LSX_20160703_3,3.8,5,0.0,4.0,0.06280556778287123
LSX_20160703_3,3.8,6,0.0,5.0,0.03338046111264759
LSX_20160703_3,3.8,2,0.0,6.0,0.009424221016034408
LSX_20160703_3,3.8,1,0.0,7.0,0.00414669993009353
LSX_20160703_4,6.0,2,1.0,1.0,0.3210946571066089
LSX_20160703_4,6.0,9,1.0,2.0,0.25868295447449324
LSX_20160703_4,6.0,3,0.0,3.0,0.14341129821434542
LSX_20160703_4,6.0,7,0.0,4.0,0.01478217217080728
LSX_20160703_4,6.0,5,0.0,5.0,0.04727792951206219
LSX_20160703_4,6.0,1,0.0,6.0,0.12630136851996132
LSX_20160703_4,6.0,6,0.0,7.0,0.08461436914500521
LSX_20160703_4,6.0,8,0.0,8.0,0.003057555765141588
LSX_20160703_4,6.0,4,0.0,9.0,0.0007776950915749061
LSX_20160703_5,10.3,1,1.0,1.0,0.5751518913241864
LSX_20160703_5,10.3,2,1.0,2.0,0.17071132035686631
LSX_20160703_5,10.3,3,0.0,3.0,0.014780658221824445
LSX_20160703_5,10.3,4,0.0,4.0,0.03413294609514656
LSX_20160703_5,10.3,5,0.0,5.0,0.09044213280374841
LSX_20160703_5,10.3,7,0.0,6.0,0.0020451484374715443
LSX_20160703_5,10.3,6,,,0.11273590276075637
LSX_20160703_6,12.5,4,1.0,1.0,0.11487742036377528
LSX_20160703_6,12.5,3,1.0,2.0,0.3041510739329474
LSX_20160703_6,12.5,8,0.0,3.0,0.017476141843952877
LSX_20160703_6,12.5,1,0.0,4.0,0.0005384986311689553
LSX_20160703_6,12.5,5,0.0,5.0,0.1493466313354771
LSX_20160703_6,12.5,6,0.0,6.0,0.024886453911512108
LSX_20160703_6,12.5,9,0.0,7.0,0.19163632814206585
LSX_20160703_6,12.5,2,0.0,8.0,0.19163632814206585
LSX_20160703_6,12.5,7,,,0.005451123697034559
LSX_20160703_7,43.2,6,1.0,1.0,0.01639371236830075
LSX_20160703_7,43.2,1,1.0,2.0,0.04891332934341433
LSX_20160703_7,43.2,2,0.0,3.0,0.27444177527888197
LSX_20160703_7,43.2,4,0.0,4.0,0.09982654657017953
LSX_20160703_7,43.2,7,0.0,5.0,0.45903862822520614
LSX_20160703_7,43.2,5,0.0,6.0,0.09982654657017953
LSX_20160703_7,43.2,3,0.0,7.0,0.0015594616438376664
LSX_20160703_8,67.4,6,1.0,1.0,0.08716626042387403
LSX_20160703_8,67.4,2,1.0,2.0,0.557199213713393
LSX_20160703_8,67.4,5,0.0,3.0,0.04616593861353669
LSX_20160703_8,67.4,4,0.0,4.0,0.038958483343260276
LSX_20160703_8,67.4,1,0.0,5.0,0.0001434916117233622
LSX_20160703_8,67.4,7,0.0,6.0,0.015551672083204864
LSX_20160703_8,67.4,8,0.0,7.0,0.13449899783991984
LSX_20160703_8,67.4,10,0.0,8.0,0.032727872133893235
LSX_20160703_8,67.4,9,0.0,9.0,0.012755863530950933
LSX_20160703_8,67.4,3,0.0,10.0,0.07483220670624396
LSX_20160703_9,4.6,2,1.0,1.0,0.5382547746382503
LSX_20160703_9,4.6,6,1.0,2.0,0.30019074094720594
LSX_20160703_9,4.6,1,0.0,3.0,0.05936292038487773
LSX_20160703_9,4.6,9,0.0,4.0,0.023631863414037977
LSX_20160703_9,4.6,8,0.0,5.0,0.023631863414037977
LSX_20160703_9,4.6,4,0.0,6.0,0.0065470587818382015
LSX_20160703_9,4.6,5,0.0,7.0,0.0011170515916761605
LSX_20160703_9,4.6,3,,,0.023631863414037977
LSX_20160703_9,4.6,7,,,0.023631863414037977
MTH_20160703_1,16.9,2,1.0,1.0,0.07962346036178253
MTH_20160703_1,16.9,3,1.0,2.0,0.08968535524784872
MTH_20160703_1,16.9,1,0.0,3.0,0.3124175728852519
MTH_20160703_1,16.9,5,0.0,4.0,0.4434768520636311
MTH_20160703_1,16.9,4,0.0,5.0,0.018042774930460106
MTH_20160703_1,16.9,6,0.0,6.0,0.001613904943878501
MTH_20160703_1,16.9,8,0.0,7.0,0.04821686125315622
MTH_20160703_1,16.9,7,0.0,8.0,0.006923218313991027
MTH_20160703_10,4.1,6,1.0,1.0,0.46361157678869674
MTH_20160703_10,4.1,2,1.0,2.0,0.4007369088095527
MTH_20160703_10,4.1,4,0.0,3.0,0.0828224363405151
MTH_20160703_10,4.1,1,0.0,4.0,0.009504798829971305
MTH_20160703_10,4.1,5,0.0,5.0,0.01630652650214365
MTH_20160703_10,4.1,3,,,0.027017752729120457
MTH_20160703_2,4.7,2X,1.0,1.0,0.5886111738114189
MTH_20160703_2,4.7,1,1.0,2.0,0.08737424554309832
MTH_20160703_2,4.7,3,0.0,3.0,0.14327015668047258
MTH_20160703_2,4.7,6,0.0,4.0,0.014727911761239276
MTH_20160703_2,4.7,5,0.0,5.0,0.00501136817759009
MTH_20160703_2,4.7,1A,,,0.16100514402618088
MTH_20160703_3,73.6,4,1.0,1.0,0.007092374539625428
MTH_20160703_3,73.6,6,1.0,2.0,0.09482658378587291
MTH_20160703_3,73.6,2,0.0,3.0,0.022452675628655702
MTH_20160703_3,73.6,1,0.0,4.0,0.09482658378587291
MTH_20160703_3,73.6,5,0.0,5.0,0.7431665326515718
MTH_20160703_3,73.6,3,0.0,6.0,0.037635249608401256
MTH_20160703_4,31.6,2,1.0,1.0,0.20682679853153196
MTH_20160703_4,31.6,1,1.0,2.0,0.20682679853153196
MTH_20160703_4,31.6,4,0.0,3.0,0.20682679853153196
MTH_20160703_4,31.6,3,0.0,4.0,0.005350870786041291
MTH_20160703_4,31.6,5,0.0,5.0,0.3652633619191483
MTH_20160703_4,31.6,6,0.0,6.0,0.008905371700214515
MTH_20160703_5,10.0,3,1.0,1.0,0.18531426904178405
MTH_20160703_5,10.0,1,1.0,2.0,0.3591675269472134
MTH_20160703_5,10.0,6,0.0,3.0,0.061200253295369246
MTH_20160703_5,10.0,7,0.0,4.0,0.11852408266214827
MTH_20160703_5,10.0,5,0.0,5.0,0.042675840367099684
MTH_20160703_5,10.0,4,0.0,6.0,0.21323410182318658
MTH_20160703_5,10.0,2,0.0,7.0,0.0004317141109066137
MTH_20160703_5,10.0,8,0.0,8.0,0.019452211752292083
MTH_20160703_6,9.1,1,1.0,1.0,0.01727516045764399
MTH_20160703_6,9.1,2,1.0,2.0,0.5908981152257816
MTH_20160703_6,9.1,4,0.0,3.0,0.13500816346824646
MTH_20160703_6,9.1,6,0.0,4.0,0.004716411708704186
MTH_20160703_6,9.1,5,0.0,5.0,0.07319015898276299
MTH_20160703_6,9.1,3,,,0.1789119901568607
MTH_20160703_7,30.2,6,1.0,1.0,0.00658557248260106
MTH_20160703_7,30.2,4,1.0,2.0,0.2027755748270817
MTH_20160703_7,30.2,3,0.0,3.0,0.009715074599487117
MTH_20160703_7,30.2,5,0.0,4.0,0.07137703956701676
MTH_20160703_7,30.2,1,0.0,5.0,0.3916532992324709
MTH_20160703_7,30.2,2,0.0,6.0,0.31789343929134245
MTH_20160703_8,4.8,3,1.0,1.0,0.7625423366110307
MTH_20160703_8,4.8,1,1.0,2.0,0.07247036383644796
MTH_20160703_8,4.8,4,0.0,3.0,0.09466412387026557
MTH_20160703_8,4.8,5,0.0,4.0,0.007625854858042923
MTH_20160703_8,4.8,6,0.0,5.0,0.02182614197728471
MTH_20160703_8,4.8,2,0.0,6.0,0.040871178846928306
MTH_20160703_9,20.5,4,1.0,1.0,0.53011683784274
MTH_20160703_9,20.5,8,1.0,2.0,0.0908946551231647
MTH_20160703_9,20.5,3,0.0,3.0,0.14289184007939787
MTH_20160703_9,20.5,6,0.0,4.0,0.05555080430612187
MTH_20160703_9,20.5,1,0.0,5.0,0.009694110075307004
MTH_20160703_9,20.5,10,0.0,6.0,0.14289184007939787
MTH_20160703_9,20.5,5,0.0,7.0,0.013361909102376184
MTH_20160703_9,20.5,9,0.0,8.0,0.006944485447851613
MTH_20160703_9,20.5,2,0.0,9.0,0.0007090324957911338
MTH_20160703_9,20.5,7,0.0,10.0,0.006944485447851613
PHA_20160703_1,85.5,7,1.0,1.0,0.018590954804079372
PHA_20160703_1,85.5,6,1.0,2.0,0.09628587207668755
PHA_20160703_1,85.5,5,0.0,3.0,0.08184168209051314
PHA_20160703_1,85.5,8,0.0,4.0,0.2653611687807495
PHA_20160703_1,85.5,3,0.0,5.0,0.4341726501170631
PHA_20160703_1,85.5,2,0.0,6.0,0.027800996182909894
PHA_20160703_1,85.5,1,0.0,7.0,0.0005673825885724739
PHA_20160703_1,85.5,1A,0.0,8.0,0.006147006793477806
PHA_20160703_1,85.5,4,,,0.06923228656594713
PHA_20160703_2,13.9,7,1.0,1.0,0.14791417719013117
PHA_20160703_2,13.9,2,1.0,2.0,0.05363467474723011
PHA_20160703_2,13.9,5,0.0,3.0,0.1937682351962485
PHA_20160703_2,13.9,6,0.0,4.0,0.0012065842298833518
PHA_20160703_2,13.9,3,0.0,5.0,0.023482055590170418
PHA_20160703_2,13.9,4,0.0,6.0,0.08227868463888043
PHA_20160703_2,13.9,1,,,0.497715588407456
PHA_20160703_3,10.7,2,0.0,3.0,0.2541843392044518
PHA_20160703_3,10.7,6,0.0,4.0,0.04430189958618302
PHA_20160703_3,10.7,1,,,0.7015137612093653
PHA_20160703_4,41.0,6,1.0,1.0,0.08989938269643914
PHA_20160703_4,41.0,2,1.0,2.0,0.014236336961834082
PHA_20160703_4,41.0,1,0.0,3.0,0.06845582335178453
PHA_20160703_4,41.0,3,0.0,4.0,0.1493264822562999
PHA_20160703_4,41.0,4,0.0,5.0,0.1890711276489764
PHA_20160703_4,41.0,7,0.0,6.0,0.4370610274187644
PHA_20160703_4,41.0,1A,0.0,7.0,0.05144324740104254
PHA_20160703_4,41.0,5,0.0,8.0,0.0005065722648589299
PHA_20160703_5,18.5,5,1.0,1.0,0.3850566173021028
PHA_20160703_5,18.5,4,1.0,2.0,0.11553642500161966
PHA_20160703_5,18.5,3,0.0,3.0,0.017986168780982567
PHA_20160703_5,18.5,10,0.0,4.0,0.001018475901131612
PHA_20160703_5,18.5,9,0.0,5.0,0.1788076322744594
PHA_20160703_5,18.5,8,0.0,6.0,0.02428389388179479
PHA_20160703_5,18.5,1A,0.0,7.0,0.11553642500161966
PHA_20160703_5,18.5,6,0.0,8.0,0.07175629978921098
PHA_20160703_5,18.5,2,0.0,9.0,0.0002755934968851348
PHA_20160703_5,18.5,7,0.0,10.0,0.07175629978921098
PHA_20160703_5,18.5,1,0.0,11.0,0.017986168780982567
PHA_20160703_6,29.3,3,1.0,1.0,0.06896908691174136
PHA_20160703_6,29.3,11,1.0,2.0,0.2451064774799958
PHA_20160703_6,29.3,10,0.0,3.0,0.20834981718398446
PHA_20160703_6,29.3,6,0.0,3.0,0.33356744000136296
PHA_20160703_6,29.3,4,0.0,5.0,0.010526673255757311
PHA_20160703_6,29.3,5,0.0,6.0,0.022612152502464233
PHA_20160703_6,29.3,8,0.0,7.0,0.0045363602977926635
PHA_20160703_6,29.3,1,0.0,8.0,0.0018026460668551802
PHA_20160703_6,29.3,7,0.0,9.0,0.08431210085847093
PHA_20160703_6,29.3,9,0.0,10.0,0.00046170370953791296
PHA_20160703_6,29.3,12,0.0,11.0,0.006059045620443284
PHA_20160703_6,29.3,2,0.0,12.0,0.013696496111593924
PHA_20160703_7,27.9,4,1.0,1.0,0.09328505910166109
PHA_20160703_7,27.9,8,1.0,2.0,0.005896132453275718
PHA_20160703_7,27.9,6,0.0,3.0,0.1163448997064974
PHA_20160703_7,27.9,3,0.0,4.0,0.309643662605041
PHA_20160703_7,27.9,5,0.0,5.0,0.020239360529792406
PHA_20160703_7,27.9,1,0.0,6.0,0.005896132453275718
PHA_20160703_7,27.9,2,0.0,7.0,0.011177323602410047
PHA_20160703_7,27.9,7,0.0,8.0,0.4345521713963981
PHA_20160703_7,27.9,1A,,,0.0029652581516484474
PHA_20160703_8,115.3,1,1.0,1.0,0.08774856998928597
PHA_20160703_8,115.3,2,1.0,2.0,0.0017138141397741006
PHA_20160703_8,115.3,8,0.0,3.0,0.019927528173616003
PHA_20160703_8,115.3,4,0.0,4.0,0.048456850603686055
PHA_20160703_8,115.3,5,0.0,5.0,0.17743170100961064
PHA_20160703_8,115.3,3,0.0,6.0,0.00726558750345963
PHA_20160703_8,115.3,10,0.0,7.0,0.15011371923862832
PHA_20160703_8,115.3,9,0.0,8.0,0.00726558750345963
PHA_20160703_8,115.3,6,0.0,9.0,0.004181086786813306
PHA_20160703_8,115.3,7,,,0.49418174091189226
PHA_20160703_8,115.3,11,,,0.0017138141397741006
PHA_20160703_9,62.5,6,1.0,1.0,0.03448517358383083
PHA_20160703_9,62.5,10,1.0,2.0,0.015088214010615109
PHA_20160703_9,62.5,3,0.0,3.0,0.023080443491600197
PHA_20160703_9,62.5,1,0.0,4.0,0.36609400015634525
PHA_20160703_9,62.5,5,0.0,5.0,0.06039023906417701
PHA_20160703_9,62.5,8,0.0,6.0,0.4664526384420523
PHA_20160703_9,62.5,7,0.0,7.0,0.002796379333219615
PHA_20160703_9,62.5,4,0.0,8.0,0.005987176335251534
PHA_20160703_9,62.5,9,0.0,9.0,0.0009212522215480625
PHA_20160703_9,62.5,2,0.0,10.0,0.018717307026108514
PHA_20160703_9,62.5,1A,,,0.005987176335251535
PID_20160703_1,30.8,1A,1.0,1.0,0.010938413733494348
PID_20160703_1,30.8,1,1.0,2.0,0.44249888949095656
PID_20160703_1,30.8,4,0.0,3.0,0.25778311098730167
PID_20160703_1,30.8,9,0.0,5.0,0.2887795857882474
PID_20160703_2,95.3,6,1.0,1.0,0.19482591199574267
PID_20160703_2,95.3,7,1.0,2.0,0.0033684665795019435
PID_20160703_2,95.3,4,0.0,3.0,0.47547901899990935
PID_20160703_2,95.3,5,0.0,4.0,0.024440921125370843
PID_20160703_2,95.3,3,0.0,5.0,0.24780681379521205
PID_20160703_2,95.3,2,0.0,6.0,0.024440921125370843
PID_20160703_2,95.3,8,0.0,7.0,0.024440921125370843
PID_20160703_2,95.3,1,0.0,8.0,0.005197025253521543
PID_20160703_3,16.0,5,1.0,1.0,0.5763781969820154
PID_20160703_3,16.0,3,1.0,2.0,0.20765759460832625
PID_20160703_3,16.0,7,0.0,3.0,0.014669137741532256
PID_20160703_3,16.0,8,0.0,4.0,0.002882442550925238
PID_20160703_3,16.0,1,0.0,5.0,0.07178029610149791
PID_20160703_3,16.0,9,0.0,6.0,0.0440436044535969
PID_20160703_3,16.0,6,0.0,7.0,0.002882442550925238
PID_20160703_3,16.0,4,0.0,8.0,0.0717802961014979
PID_20160703_3,16.0,2,,,0.007925988909682723
PID_20160703_4,87.5,9,1.0,1.0,0.16151787225345285
PID_20160703_4,87.5,3,1.0,2.0,0.010389726993462047
PID_20160703_4,87.5,4,0.0,3.0,0.533473898720057
PID_20160703_4,87.5,11,0.0,4.0,0.015656108309069543
PID_20160703_4,87.5,1,0.0,5.0,0.023109956413174752
PID_20160703_4,87.5,8,0.0,6.0,0.023109956413174756
PID_20160703_4,87.5,6,0.0,7.0,0.006749558479089575
PID_20160703_4,87.5,7,0.0,8.0,0.12191174058585608
PID_20160703_4,87.5,5,0.0,9.0,0.010389726993462047
PID_20160703_4,87.5,10,0.0,10.0,0.0016190437390682403
PID_20160703_4,87.5,12,0.0,11.0,0.0905554807819886
PID_20160703_4,87.5,2,,,0.0009605180959309466
PID_20160703_4,87.5,13,,,0.0005564122222135132
PID_20160703_5,570.3,7,1.0,1.0,0.003777337066160481
PID_20160703_5,570.3,3,1.0,2.0,0.06273766919631436
PID_20160703_5,570.3,2,0.0,3.0,0.06273766919631436
PID_20160703_5,570.3,9,0.0,4.0,0.02752360888845555
PID_20160703_5,570.3,8,0.0,5.0,0.10892089834861397
PID_20160703_5,570.3,1,0.0,6.0,0.20981510894835362
PID_20160703_5,570.3,6,0.0,7.0,0.28225425597015436
PID_20160703_5,570.3,5,0.0,8.0,0.00015547510595536392
PID_20160703_5,570.3,10,0.0,9.0,0.10892089834861396
PID_20160703_5,570.3,11,0.0,10.0,0.0037773370661604816
PID_20160703_5,570.3,4,,,0.1293797418649035
PID_20160703_6,119.7,2,1.0,1.0,0.11846678064957704
PID_20160703_6,119.7,7,1.0,2.0,0.23979979647898128
PID_20160703_6,119.7,6,0.0,3.0,0.15157541804811506
PID_20160703_6,119.7,3,0.0,4.0,0.06975313115780175
PID_20160703_6,119.7,5,0.0,5.0,0.05249532218111872
PID_20160703_6,119.7,1,0.0,6.0,0.3637265830359141
PID_20160703_6,119.7,4,0.0,7.0,0.0020914842242460447
PID_20160703_6,119.7,8,,,0.0020914842242460447
PID_20160703_7,25.2,2,1.0,1.0,0.11817906890429106
PID_20160703_7,25.2,4,1.0,2.0,0.21373575023677305
PID_20160703_7,25.2,3,0.0,3.0,0.028686029443584365
PID_20160703_7,25.2,6,0.0,4.0,0.5775079745383761
PID_20160703_7,25.2,1,0.0,5.0,0.01908146355672339
PID_20160703_7,25.2,5,0.0,6.0,0.028686029443584365
PID_20160703_7,25.2,8,0.0,7.0,0.012399990287255943
PID_20160703_7,25.2,7,,,0.0017236935894117441
PID_20160703_8,14.8,3,1.0,1.0,0.3624013068808032
PID_20160703_8,14.8,9,1.0,2.0,0.03303158573956826
PID_20160703_8,14.8,8,0.0,3.0,0.006300558519370972
PID_20160703_8,14.8,2,0.0,4.0,0.12526846798174718
PID_20160703_8,14.8,1,0.0,5.0,0.2986512750458236
PID_20160703_8,14.8,7,0.0,6.0,0.001958705815376754
PID_20160703_8,14.8,6,0.0,7.0,0.0029357423211325818
PID_20160703_8,14.8,4,0.0,8.0,0.044183889714430366
PID_20160703_8,14.8,5,,,0.1252684679817472
PLN_20160703_10,45.3,3,1.0,1.0,0.12284646666958188
PLN_20160703_10,45.3,7,1.0,2.0,0.2530649773949975
PLN_20160703_10,45.3,4,0.0,3.0,0.4071456776533118
PLN_20160703_10,45.3,1,0.0,4.0,0.053127432398505946
PLN_20160703_10,45.3,2,0.0,5.0,0.12284646666958188
PLN_20160703_10,45.3,5,0.0,6.0,0.020162218740966707
PLN_20160703_10,45.3,8,0.0,7.0,0.0006445417320875094
PLN_20160703_10,45.3,6,0.0,8.0,0.020162218740966707
PLN_20160703_11,12.2,7,1.0,1.0,0.37053444161837323
PLN_20160703_11,12.2,1,1.0,2.0,0.15235184285175657
PLN_20160703_11,12.2,2,0.0,3.0,0.008615867636210679
PLN_20160703_11,12.2,3,0.0,4.0,0.005125889316904547
PLN_20160703_11,12.2,4,0.0,5.0,0.03443681753573635
PLN_20160703_11,12.2,5,0.0,6.0,0.02230870700153774
PLN_20160703_11,12.2,9,0.0,7.0,0.03443681753573635
PLN_20160703_11,12.2,6,0.0,8.0,0.0016551748853710056
PLN_20160703_11,12.2,8,0.0,9.0,0.3705344416183733
PLN_20160703_3,54.5,4,1.0,1.0,0.014637990958523833
PLN_20160703_3,54.5,2,1.0,2.0,0.029324918162120125
PLN_20160703_3,54.5,5,0.0,3.0,0.04053638302227667
PLN_20160703_3,54.5,3,0.0,4.0,0.4058551557636194
PLN_20160703_3,54.5,6,0.0,5.0,0.014637990958523835
PLN_20160703_3,54.5,1,0.0,6.0,0.4950075611349361
PLN_20160703_4,5.6,5,1.0,2.0,
PLN_20160703_5,16.6,1,1.0,1.0,0.31255943222002486
PLN_20160703_5,16.6,7,1.0,2.0,0.22604048242479857
PLN_20160703_5,16.6,8,0.0,3.0,0.047623183636837645
PLN_20160703_5,16.6,3,0.0,4.0,0.36440054479480805
PLN_20160703_5,16.6,2,0.0,5.0,0.008119761945023203
PLN_20160703_5,16.6,5,0.0,6.0,0.037927098660602586
PLN_20160703_5,16.6,4,0.0,7.0,0.0033294963179051214
PLN_20160703_6,17.8,3,1.0,1.0,0.047946275474522744
PLN_20160703_6,17.8,5,1.0,2.0,0.390305431434645
PLN_20160703_6,17.8,8,0.0,3.0,0.24989020716560723
PLN_20160703_6,17.8,6,0.0,4.0,0.011673614772077819
PLN_20160703_6,17.8,1,0.0,5.0,0.024487559466725223
PLN_20160703_6,17.8,4,0.0,6.0,0.2498902071656072
PLN_20160703_6,17.8,7,0.0,7.0,0.024487559466725223
PLN_20160703_6,17.8,2,0.0,8.0,0.0013191450540896378
PLN_20160703_7,29.4,6,1.0,1.0,0.17251730747939437
PLN_20160703_7,29.4,7,1.0,2.0,0.3214378298192913
PLN_20160703_7,29.4,3,0.0,5.0,0.10471618445542856
PLN_20160703_7,29.4,9,0.0,6.0,0.0013300339871745673
PLN_20160703_7,29.4,2,0.0,7.0,0.2713913339945228
PLN_20160703_7,29.4,1,0.0,9.0,0.12860731026418842
PLN_20160703_8,32.2,9,1.0,1.0,0.10122326096058254
PLN_20160703_8,32.2,8,1.0,2.0,0.016371839173103368
PLN_20160703_8,32.2,6,0.0,3.0,0.10122326096058253
PLN_20160703_8,32.2,1,0.0,4.0,0.00536639794299099
PLN_20160703_8,32.2,7,0.0,5.0,0.5786401458920474
PLN_20160703_8,32.2,3,0.0,6.0,0.022999878043637616
PLN_20160703_8,32.2,5,0.0,7.0,0.003579044606860603
PLN_20160703_8,32.2,2,0.0,8.0,0.003579044606860603
PLN_20160703_8,32.2,4,0.0,9.0,0.16701712781333425
PLN_20160703_9,49.7,7,1.0,1.0,0.0518411330024877
PLN_20160703_9,49.7,6,1.0,2.0,0.0651220093405465
PLN_20160703_9,49.7,1,0.0,3.0,0.08112706121113883
PLN_20160703_9,49.7,5,0.0,5.0,0.004391406655203012
PLN_20160703_9,49.7,8,0.0,6.0,0.7456772567881363
PLN_20160703_9,49.7,4,,,0.05184113300248771
PRM_20160703_1,4.4,8,1.0,1.0,0.5436598600794523
PRM_20160703_1,4.4,4,1.0,2.0,0.24574777910781487
PRM_20160703_1,4.4,3,0.0,3.0,0.038841786692094225
PRM_20160703_1,4.4,5,0.0,5.0,0.07398352105696727
PRM_20160703_1,4.4,1,0.0,6.0,0.022072188410027938
PRM_20160703_1,4.4,2,0.0,7.0,0.07398352105696727
PRM_20160703_1,4.4,7,0.0,8.0,0.0017113435966761106
PRM_20160703_2,34.6,3,1.0,1.0,0.015240892355025928
PRM_20160703_2,34.6,9,1.0,2.0,0.015240892355025928
PRM_20160703_2,34.6,2,0.0,3.0,0.11336218149370701
PRM_20160703_2,34.6,6,0.0,4.0,0.03668070201232666
PRM_20160703_2,34.6,8,0.0,5.0,0.11336218149370701
PRM_20160703_2,34.6,7,0.0,6.0,0.37741987371578095
PRM_20160703_2,34.6,5,0.0,7.0,0.11336218149370701
PRM_20160703_2,34.6,1,,,0.21504958641464156
PRM_20160703_2,34.6,4,,,0.0002815086660778969
PRM_20160703_3,27.6,8,1.0,1.0,0.17873158168494674
PRM_20160703_3,27.6,9,1.0,2.0,0.04926625387364186
PRM_20160703_3,27.6,4,0.0,3.0,0.0974710132890122
PRM_20160703_3,27.6,1,0.0,4.0,0.08557703571721369
PRM_20160703_3,27.6,2,0.0,5.0,0.20008008673471778
PRM_20160703_3,27.6,3,0.0,6.0,0.2487510762392613
PRM_20160703_3,27.6,7,0.0,7.0,8.874117581791908e-05
PRM_20160703_3,27.6,5,,,0.04256319799637643
PRM_20160703_3,27.6,6,,,0.09747101328901221
PRM_20160703_4,14.0,6,1.0,1.0,0.07784625468154001
PRM_20160703_4,14.0,1,1.0,2.0,0.32553834439648693
PRM_20160703_4,14.0,3,0.0,3.0,0.05083811472614714
PRM_20160703_4,14.0,5,0.0,4.0,0.5050908358325692
PRM_20160703_4,14.0,7,0.0,5.0,0.01169193582033518
PRM_20160703_4,14.0,2,0.0,6.0,0.003684713344244477
PRM_20160703_4,14.0,4,0.0,7.0,0.02530980119867707
PRM_20160703_5,10.0,7,1.0,1.0,0.13948430012108903
PRM_20160703_5,10.0,8,1.0,2.0,0.5757398573273069
PRM_20160703_5,10.0,3,0.0,3.0,0.13948430012108903
PRM_20160703_5,10.0,6,0.0,4.0,0.019730087497939374
PRM_20160703_5,10.0,4,0.0,5.0,0.0013996625162514974
PRM_20160703_5,10.0,5,0.0,6.0,0.07196927293091691
PRM_20160703_5,10.0,1,0.0,7.0,0.04420428814441634
PRM_20160703_5,10.0,2,0.0,8.0,0.0079882313409911
PRM_20160703_6,28.2,8,1.0,1.0,0.1999917143844913
PRM_20160703_6,28.2,9,1.0,2.0,0.04361831948728072
PRM_20160703_6,28.2,5,0.0,3.0,0.0004676291038071803
PRM_20160703_6,28.2,6,0.0,4.0,0.029271058084360386
PRM_20160703_6,28.2,1,0.0,5.0,0.3945519643526846
PRM_20160703_6,28.2,2,0.0,6.0,0.10704659974825223
PRM_20160703_6,28.2,4,0.0,7.0,0.00969026251144466
PRM_20160703_6,28.2,7,0.0,8.0,0.015370737943187713
PRM_20160703_6,28.2,3,,,0.1999917143844913
PRM_20160703_7,173.6,11,1.0,1.0,0.024075458003529452
PRM_20160703_7,173.6,1,1.0,2.0,0.024075458003529452
PRM_20160703_7,173.6,12,0.0,3.0,0.05600620881773815
PRM_20160703_7,173.6,3,0.0,4.0,0.07249772046014957
PRM_20160703_7,173.6,9,0.0,5.0,0.2251743478985572
PRM_20160703_7,173.6,10,0.0,6.0,0.14742918884266076
PRM_20160703_7,173.6,2,0.0,7.0,0.017728966494795433
PRM_20160703_7,173.6,8,0.0,8.0,0.0322868498933098
PRM_20160703_7,173.6,5,0.0,9.0,0.3977459127749603
PRM_20160703_7,173.6,4,0.0,10.0,0.0014278170375371048
PRM_20160703_7,173.6,7,0.0,11.0,0.0006110340695837479
PRM_20160703_7,173.6,6,,,0.0009410377036490454
PRM_20160703_8,9.6,6,1.0,1.0,0.21567152364123476
PRM_20160703_8,9.6,3,1.0,2.0,0.0161961710265515
PRM_20160703_8,9.6,1,0.0,3.0,0.6429957394831499
PRM_20160703_8,9.6,7,0.0,4.0,0.011713523644562662
PRM_20160703_8,9.6,5,0.0,5.0,0.0678730831930127
PRM_20160703_8,9.6,2,0.0,6.0,0.03966489745294962
PRM_20160703_8,9.6,4,,,0.005885061558538876
PRM_20160703_9,5.2,8,1.0,1.0,0.610312260350146
PRM_20160703_9,5.2,4,1.0,2.0,0.12189288743296027
PRM_20160703_9,5.2,5,0.0,3.0,0.05506729810270257
PRM_20160703_9,5.2,3,0.0,4.0,0.022110216755711082
PRM_20160703_9,5.2,2,0.0,5.0,0.12189288743296028
PRM_20160703_9,5.2,1,0.0,6.0,0.018142306301419046
PRM_20160703_9,5.2,9,0.0,7.0,0.004935969299365804
PRM_20160703_9,5.2,7,0.0,8.0,0.006219027082097946
PRM_20160703_9,5.2,10,0.0,9.0,0.03880068088527638
PRM_20160703_9,5.2,6,0.0,10.0,0.0006264663573604461
RUI_20160703_2,5.7,3,1.0,1.0,0.24071824417721338
RUI_20160703_2,5.7,4,0.0,3.0,0.6838113822191986
RUI_20160703_2,5.7,2,0.0,4.0,0.04454762509721933
RUI_20160703_2,5.7,6,0.0,5.0,0.030922748506368777
RUI_20160703_5,9.6,3,1.0,2.0,0.8413447460684901
RUI_20160703_5,9.6,4,0.0,4.0,0.1586552539315099
RUI_20160703_8,88.6,3,1.0,1.0,0.008882199234045188
RUI_20160703_8,88.6,1,1.0,2.0,0.2201537490738324
RUI_20160703_8,88.6,5,0.0,3.0,0.6501680026782108
RUI_20160703_8,88.6,2,0.0,4.0,0.07379761961300195
RUI_20160703_8,88.6,4,0.0,5.0,0.019305551322840824
RUI_20160703_8,88.6,6,0.0,6.0,0.027692878078068875
RUI_20160703_9,8.6,1,1.0,1.0,0.15670031689868633
RUI_20160703_9,8.6,3,1.0,2.0,0.7013820969766505
RUI_20160703_9,8.6,6,0.0,3.0,0.038349258033480056
RUI_20160703_9,8.6,2,0.0,4.0,0.006447409154224189
RUI_20160703_9,8.6,4,0.0,5.0,0.0731092405073299
RUI_20160703_9,8.6,5,0.0,6.0,0.02401167842962894
SAX_20160703_1,8.1,2,1.0,1.0,0.2844795733151775
SAX_20160703_1,8.1,1,1.0,2.0,0.18978019629758422
SAX_20160703_1,8.1,3,0.0,3.0,0.025278779507575625
SAX_20160703_1,8.1,4,0.0,4.0,0.4906419974863969
SAX_20160703_1,8.1,5,0.0,5.0,0.00981945339326578
SAX_20160703_2,20.3,4,1.0,2.0,
SAX_20160703_3,14.2,1,1.0,1.0,0.07111735169225364
SAX_20160703_3,14.2,5,1.0,2.0,0.18578123014411652
SAX_20160703_3,14.2,2,0.0,3.0,0.5887921103347128
SAX_20160703_3,14.2,4,0.0,4.0,0.1484622698454431
SAX_20160703_3,14.2,3,0.0,5.0,0.005847037983474031
SAX_20160703_4,4.8,6,1.0,1.0,0.5273546507674591
SAX_20160703_4,4.8,5,1.0,2.0,0.136255036543626
SAX_20160703_4,4.8,4,0.0,3.0,0.23760887152625984
SAX_20160703_4,4.8,2,0.0,4.0,0.07309078795864006
SAX_20160703_4,4.8,3,0.0,5.0,0.021908440940630956
SAX_20160703_4,4.8,1,0.0,6.0,0.003782212263383974
SAX_20160703_5,10.9,7,1.0,1.0,0.015118764823791167
SAX_20160703_5,10.9,3,1.0,2.0,0.41637239466757403
SAX_20160703_5,10.9,1,0.0,3.0,0.11584055300754875
SAX_20160703_5,10.9,4,0.0,4.0,0.0019640294153350133
SAX_20160703_5,10.9,6,0.0,5.0,0.3384564701269666
SAX_20160703_5,10.9,2,0.0,6.0,0.07653824837618989
SAX_20160703_5,10.9,5,0.0,7.0,0.035709539582594534
SAX_20160703_6,11.6,1,1.0,1.0,0.06771708210859216
SAX_20160703_6,11.6,2,1.0,2.0,0.2656366661692652
SAX_20160703_6,11.6,5,0.0,3.0,0.09168442161645492
SAX_20160703_6,11.6,6,0.0,4.0,0.007637667392579308
SAX_20160703_6,11.6,7,0.0,5.0,0.5149492530404058
SAX_20160703_6,11.6,3,0.0,6.0,0.003165478143118755
SAX_20160703_6,11.6,4,0.0,7.0,0.04920943152958388
SAX_20160703_7,23.2,2,1.0,1.0,0.47126231188461765
SAX_20160703_7,23.2,3,1.0,2.0,0.2653434395160363
SAX_20160703_7,23.2,1,0.0,3.0,0.16336006135431888
SAX_20160703_7,23.2,6,0.0,5.0,0.09547983222561371
SAX_20160703_7,23.2,5,,,0.004554355019413382
SAX_20160703_8,13.2,7,1.0,1.0,0.2795513749585569
SAX_20160703_8,13.2,4,1.0,2.0,0.03338066674428668
SAX_20160703_8,13.2,5,0.0,3.0,0.01346908846268757
SAX_20160703_8,13.2,2,0.0,4.0,0.05758835864812666
SAX_20160703_8,13.2,1,0.0,5.0,0.5685637747601487
SAX_20160703_8,13.2,6,0.0,6.0,0.0033502993960920027
SAX_20160703_8,13.2,3,,,0.044096437030101424
SAX_20160703_9,62.0,3,1.0,1.0,0.0506806645844162
SAX_20160703_9,62.0,5,1.0,2.0,0.3587679424971197
SAX_20160703_9,62.0,7,0.0,3.0,0.06384778288543003
SAX_20160703_9,62.0,8,0.0,4.0,0.1480564612489754
SAX_20160703_9,62.0,6,0.0,5.0,0.0014971214846201948
SAX_20160703_9,62.0,4,0.0,6.0,0.01838208480231896
SAX_20160703_9,62.0,1,0.0,7.0,0.35876794249711963
WOX_20160703_1,5.95,3,1.0,1.0,0.26769698813791637
WOX_20160703_1,5.95,7,1.0,2.0,0.4730363252874333
WOX_20160703_1,5.95,2,0.0,3.0,0.18297214447016866
WOX_20160703_1,5.95,1,0.0,4.0,0.04019219057740521
WOX_20160703_1,5.95,4,0.0,5.0,0.0070120444708344255
WOX_20160703_1,5.95,5,0.0,6.0,0.00563245715343375
WOX_20160703_1,5.95,6,0.0,7.0,0.023457849902808362
WOX_20160703_10,77.25,5,1.0,1.0,0.038374523565508016
WOX_20160703_10,77.25,10,1.0,2.0,0.2096811189747929
WOX_20160703_10,77.25,3,0.0,3.0,0.13298412258423495
WOX_20160703_10,77.25,12,0.0,4.0,0.05626728050951453
WOX_20160703_10,77.25,6,0.0,5.0,0.2096811189747929
WOX_20160703_10,77.25,4,0.0,6.0,0.016607610827024315
WOX_20160703_10,77.25,13,0.0,7.0,0.08065533050440385
WOX_20160703_10,77.25,8,0.0,8.0,0.002272639998442319
WOX_20160703_10,77.25,9,0.0,9.0,0.008288490275790126
WOX_20160703_10,77.25,2,0.0,10.0,0.0017177723989016864
WOX_20160703_10,77.25,11,0.0,11.0,0.24179955581354806
WOX_20160703_10,77.25,7,0.0,12.0,0.000710146531505885
WOX_20160703_10,77.25,1,0.0,13.0,0.0009602890415403883
WOX_20160703_11,84.1,10,1.0,1.0,0.013385299109866241
WOX_20160703_11,84.1,4,1.0,2.0,0.37414958279422295
WOX_20160703_11,84.1,5,0.0,3.0,0.45661879417647333
WOX_20160703_11,84.1,8,0.0,4.0,0.004154208616463898
WOX_20160703_11,84.1,3,0.0,5.0,0.019112685465002516
WOX_20160703_11,84.1,9,0.0,6.0,0.09003061429117173
WOX_20160703_11,84.1,2,0.0,7.0,0.013385299109866243
WOX_20160703_11,84.1,6,0.0,8.0,0.001742413739002909
WOX_20160703_11,84.1,11,0.0,9.0,0.004154208616463898
WOX_20160703_11,84.1,7,0.0,10.0,0.019112685465002516
WOX_20160703_11,84.1,1,,,0.004154208616463898
WOX_20160703_12,9.9,6,1.0,1.0,0.035001737825573205
WOX_20160703_12,9.9,3,1.0,2.0,0.2396540405264732
WOX_20160703_12,9.9,8,0.0,3.0,0.29163211342931916
WOX_20160703_12,9.9,7,0.0,4.0,0.0350017378255732
WOX_20160703_12,9.9,1,0.0,6.0,0.04624447888294448
WOX_20160703_12,9.9,9,0.0,7.0,0.0004432741835701868
WOX_20160703_12,9.9,4,0.0,8.0,0.06039050389722745
WOX_20160703_12,9.9,2,,,0.29163211342931916
WOX_20160703_13,90.85,2,1.0,1.0,0.12727986558933096
WOX_20160703_13,90.85,8,1.0,2.0,0.02528828364953208
WOX_20160703_13,90.85,1,0.0,3.0,0.15503722130606326
WOX_20160703_13,90.85,3,0.0,4.0,0.03272900817832575
WOX_20160703_13,90.85,5,0.0,5.0,0.008162131909412009
WOX_20160703_13,90.85,10,0.0,6.0,0.019350748079615624
WOX_20160703_13,90.85,9,0.0,7.0,0.18742349302457767
WOX_20160703_13,90.85,4,0.0,8.0,0.12727986558933094
WOX_20160703_13,90.85,6,,,0.00014812501890584784
WOX_20160703_13,90.85,7,,,0.3173012576549057
WOX_20160703_2,16.65,1,1.0,1.0,0.338252066978024
WOX_20160703_2,16.65,2,1.0,2.0,0.06743108000659485
WOX_20160703_2,16.65,5,0.0,3.0,0.0013980083623846443
WOX_20160703_2,16.65,6,0.0,4.0,0.2550884198761245
WOX_20160703_2,16.65,7,0.0,5.0,0.13689807459568018
WOX_20160703_2,16.65,3,0.0,6.0,0.1887667225847429
WOX_20160703_2,16.65,4,,,0.012165627596448934
WOX_20160703_3,15.7,2,1.0,1.0,0.2780432386299392
WOX_20160703_3,15.7,6,1.0,2.0,0.24776111310976673
WOX_20160703_3,15.7,5,0.0,3.0,0.011761302074297602
WOX_20160703_3,15.7,3,0.0,4.0,0.3111089732446488
WOX_20160703_3,15.7,7,0.0,5.0,0.03459912444597191
WOX_20160703_3,15.7,1A,0.0,6.0,0.0877326048533571
WOX_20160703_3,15.7,9,0.0,7.0,0.0027155887543883414
WOX_20160703_3,15.7,10,0.0,9.0,0.0017104533176489677
WOX_20160703_3,15.7,8,0.0,10.0,0.024567601569981355
WOX_20160703_4,27.6,3,1.0,1.0,0.12128012344327674
WOX_20160703_4,27.6,4,1.0,2.0,0.16442339094943495
WOX_20160703_4,27.6,2,0.0,3.0,0.08781320273257669
WOX_20160703_4,27.6,7,0.0,4.0,0.024162175484077168
WOX_20160703_4,27.6,1,0.0,5.0,0.5902841662305168
WOX_20160703_4,27.6,6,0.0,6.0,0.003918872074256453
WOX_20160703_4,27.6,5,,,0.008118069085861178
WOX_20160703_5,12.6,7,1.0,1.0,0.2822103830124826
WOX_20160703_5,12.6,3,1.0,2.0,0.16665261819672253
WOX_20160703_5,12.6,2,0.0,3.0,0.017561018826946044
WOX_20160703_5,12.6,10,0.0,4.0,0.047749482780983496
WOX_20160703_5,12.6,5,0.0,5.0,0.0040643320795938015
WOX_20160703_5,12.6,8,0.0,6.0,0.017561018826946044
WOX_20160703_5,12.6,1,0.0,7.0,0.38840870486347673
WOX_20160703_5,12.6,9,0.0,8.0,0.07474455117751164
WOX_20160703_5,12.6,6,,,0.0010478902353371186
WOX_20160703_6,30.2,1,1.0,1.0,0.41052952413727
WOX_20160703_6,30.2,10,1.0,2.0,0.017199954882452417
WOX_20160703_6,30.2,7,0.0,3.0,0.004769801893224131
WOX_20160703_6,30.2,12,0.0,4.0,0.017199954882452417
WOX_20160703_6,30.2,2,0.0,5.0,0.24059796129174643
WOX_20160703_6,30.2,11,0.0,6.0,0.0015993994761871646
WOX_20160703_6,30.2,9,0.0,7.0,0.08391241057309012
WOX_20160703_6,30.2,6,0.0,8.0,0.0023320473337042555
WOX_20160703_6,30.2,3,0.0,9.0,0.0015993994761871646
WOX_20160703_6,30.2,4,0.0,10.0,0.01270771742221263
WOX_20160703_6,30.2,5,,,0.19827317528076052
WOX_20160703_6,30.2,8,,,0.009278653350712556
WOX_20160703_7,7.55,1A,1.0,1.0,0.6927305429253042
WOX_20160703_7,7.55,5,1.0,2.0,0.07759525712003239
WOX_20160703_7,7.55,4,0.0,3.0,0.1312370171549255
WOX_20160703_7,7.55,1,0.0,4.0,0.05851878645334218
WOX_20160703_7,7.55,3,0.0,5.0,0.011508604350861555
WOX_20160703_7,7.55,8,0.0,6.0,0.005380175700096376
WOX_20160703_7,7.55,6,0.0,7.0,0.011508604350861555
WOX_20160703_7,7.55,7,0.0,8.0,0.007934505977988214
WOX_20160703_7,7.55,2,0.0,9.0,0.0035865059665877693
WOX_20160703_8,14.1,2,1.0,1.0,0.37482678014260185
WOX_20160703_8,14.1,7,1.0,2.0,0.45542792562038725
WOX_20160703_8,14.1,1,0.0,3.0,0.010407467169580905
WOX_20160703_8,14.1,5,0.0,4.0,0.09371231385680952
WOX_20160703_8,14.1,6,0.0,5.0,0.03980442796336586
WOX_20160703_8,14.1,4,0.0,6.0,0.020975856089455028
WOX_20160703_8,14.1,3,0.0,7.0,0.00484522915779951
WOX_20160703_9,11.35,3,1.0,1.0,0.2609826286279348
WOX_20160703_9,11.35,5,1.0,2.0,0.1196499656787916
WOX_20160703_9,11.35,11,0.0,3.0,0.002046850765175129
WOX_20160703_9,11.35,6,0.0,4.0,0.10077129690864911
WOX_20160703_9,11.35,8,0.0,5.0,0.016385195451132525
WOX_20160703_9,11.35,1,0.0,6.0,0.22552706591457697
WOX_20160703_9,11.35,9,0.0,7.0,0.020574664600856992
WOX_20160703_9,11.35,4,0.0,8.0,0.002046850765175129
WOX_20160703_9,11.35,7,0.0,9.0,0.22552706591457697
WOX_20160703_9,11.35,2,0.0,10.0,0.0008278757180927105
WOX_20160703_9,11.35,10,0.0,11.0,0.025660539655038075
